Province,Region,Latitude,Longitude
Anhui,Anhui,31.8616,117.2857
Anhui,Anqing,30.53,117.05
Anhui,Bagongshan,32.63,116.83
Anhui,Baohe,31.8,117.3
Anhui,Bengbu,32.92,117.38
Anhui,Bozhou,33.85,115.78
Anhui,Changfeng,32.48,117.17
Anhui,Chaohu,31.6,117.87
Anhui,Chizhou,30.67,117.48
Anhui,Chuzhou,32.2534,118.3283
Anhui,Daixi,33.92,116.77
Anhui,Dangtu,31.55,118.48
Anhui,Datong,32.63,117.05
Anhui,Dingyuan,32.53,117.67
Anhui,Duji,34,116.82
Anhui,East to,30.1,117.02
Anhui,Fanchang,31.08,118.2
Anhui,Feidong,31.88,117.47
Anhui,Feixi,31.72,117.17
Anhui,Fengtai,32.7,116.72
Anhui,Fengyang,32.87,117.57
Anhui,Funan,32.63,115.58
Anhui,Fuyang,32.9,115.82
Anhui,Gong Mountain,32.95,117.35
Anhui,Grand View,30.52,117.03
Anhui,Guangde,30.9,119.42
Anhui,Guichi,30.65,117.48
Anhui,Guzhen,33.32,117.32
Anhui,Hanging,29.78,118.18
Anhui,Hanshan,31.72,118.1
Anhui,Heaven,32.7,119
Anhui,Hefei,31.83,117.25
Anhui,Huai Shang,32.97,117.35
Anhui,Huaibei,33.95,116.8
Anhui,Huainan,32.63,117
Anhui,Huaining,30.72,116.83
Anhui,Huaiyuan,32.97,117.18
Anhui,Huangshan,30.009999999999998,118.22999999999999
Anhui,Huashan,31.72,118.5
Anhui,Huizhou,29.82,118.33
Anhui,Huoqiu,32.33,116.27
Anhui,Huoshan,31.4,116.33
Anhui,Ji Chao,31.6,117.85
Anhui,Jin'an,31.77,116.5
Anhui,Jingde,30.28,118.53
Anhui,Jinghu,31.35,118.37
Anhui,Jinjiazhuang,31.73,118.48
Anhui,Jinzhai,31.72,115.92
Anhui,Jixi,30.07,118.6
Anhui,Kujiang,31.37,118.38
Anhui,Lai'an,32.45,118.43
Anhui,Langxi,31.13,119.17
Anhui,Langya,32.3,118.3
Anhui,Laocheng,33.88,115.77
Anhui,Laoshan,34.42,116.35
Anhui,Lingyu,33.55,117.55
Anhui,Linquan,33.07,115.25
Anhui,Lion mountain,30.95,117.85
Anhui,Liu'an,31.77,116.5
Anhui,Lixin,33.15,116.2
Anhui,Longzi Lake,32.95,117.38
Anhui,Lu'an,31.7349,116.5232
Anhui,Lujiang,31.25,117.28
Anhui,Luyang,31.88,117.25
Anhui,Luzhou,32.3,118.32
Anhui,Ma'anshan,31.7,118.5
Anhui,Mengcheng,33.27,116.57
Anhui,Mighty mountainous,33.9,116.8
Anhui,Mingguang,32.78,117.98
Anhui,Mountainous,33.95,116.8
Anhui,Nanling,30.92,118.33
Anhui,Nanyu,32.32,118.3
Anhui,Ningguo,30.63,118.98
Anhui,Panji,32.78,116.82
Anhui,Peace,31.72,118.37
Anhui,Puyang,30.7,117.2
Anhui,Qianshan,30.63,116.57
Anhui,Qiaoqiao,33.63,116.97
Anhui,Qimen,29.87,117.72
Anhui,Qingyang,30.65,117.85
Anhui,Qixian,29.9,118.18
Anhui,Shitai,30.22,117.48
Anhui,Shouxian,32.58,116.78
Anhui,Shucheng,31.47,116.93
Anhui,Shushan,31.85,117.27
Anhui,Si,33.48,117.88
Anhui,Su Song,30.15,116.12
Anhui,Suzhou,33.63,116.98
Anhui,Taihe,33.17,115.62
Anhui,Taihu,30.43,116.27
Anhui,Temuyang,33.52,116.22
Anhui,Tianjiayu,32.67,117
Anhui,Tongguan Mountain,30.93,117.82
Anhui,Tongling,30.939999999999998,117.8
Anhui,Tung,31.05,116.95
Anhui,Tunxi,29.72,118.33
Anhui,Wangjiang,30.13,116.68
Anhui,Whole pepper,32.1,118.27
Anhui,Wuhe,33.15,117.88
Anhui,Wuhu,31.24,118.475
Anhui,Wuwei,31.3,117.92
Anhui,Xiaoxian,34.18,116.93
Anhui,Xiejia Section,32.6,116.85
Anhui,Xixian,30.7,118.4
Anhui,Xuancheng,30.95,118.75
Anhui,Xuanzhou,30.95,118.75
Anhui,Yaohai,31.87,117.3
Anhui,Yingdong,32.92,115.85
Anhui,Yingjiang,30.5,117.05
Anhui,Yingquan,32.93,115.8
Anhui,Yingshang,32.63,116.27
Anhui,Yingzhou,32.88,115.8
Anhui,Yu'an,31.77,116.48
Anhui,Yuexi,30.85,116.35
Anhui,Yuhui,32.93,117.33
Anhui,Yushan,31.68,118.48
Anhui,suburbs,30.92,117.78
Beijing,Beijing,39.9,116.4
Beijing,Changping,40.22,116.23
Beijing,Chaoyang,39.92,116.43
Beijing,Chongwen,39.88,116.43
Beijing,Daxing,39.73,116.33
Beijing,Dongcheng,39.93,116.42
Beijing,Fangshan,39.75,116.13
Beijing,Fengtai,39.85,116.28
Beijing,Haidian,39.95,116.3
Beijing,Huairou,40.32,116.63
Beijing,Mentougou,39.93,116.1
Beijing,Miyun,40.37,116.83
Beijing,Pinggu,40.13,117.12
Beijing,Shijingshan,39.9,116.22
Beijing,Shunyi,40.13,116.65
Beijing,Tongzhou,39.92,116.65
Beijing,Xicheng,39.92,116.37
Beijing,Xuanwu,39.87,116.35
Beijing,Yanqing,40.45,115.97
Chongqing,Banan,29.38,106.52
Chongqing,Beibei,29.8,106.4
Chongqing,Bishan,29.592,106.2274
Chongqing,Changshou,29.8578,107.081
Chongqing,Chengkou,31.95,108.67
Chongqing,Chongqing,29.57,106.55
Chongqing,Dadukou,29.48,106.48
Chongqing,Dazu,29.7,105.72
Chongqing,Dianjiang,30.3268,107.3351
Chongqing,Fengdu,29.87,107.73
Chongqing,Fengjie,31.02,109.47
Chongqing,Fuling,29.72,107.4
Chongqing,Hechuan,29.9729,106.2768
Chongqing,Jiangbei,29.6,106.57
Chongqing,Jiangjin,29.2901,106.2594
Chongqing,Jiulongpo,29.5,106.5
Chongqing,Kaizhou,31.161,108.3931
Chongqing,Laoshan,29.6,106.22
Chongqing,Liangping,30.68,107.8
Chongqing,Longevity,29.87,107.08
Chongqing,Nan'an,29.5217,106.5626
Chongqing,Nanchuan,29.1579,107.099
Chongqing,Open a,31.18,108.42
Chongqing,Pengshui,29.2938,108.1655
Chongqing,Pengshui Miao,29.3,108.17
Chongqing,Pental,30.33,107.35
Chongqing,Puyang Miao,28.85,108.77
Chongqing,Qianjiang,29.53,108.77
Chongqing,Qijiang,28.9646,106.9285
Chongqing,Rongchang,29.4,105.58
Chongqing,Shapingba,29.53,106.45
Chongqing,Shizhu,30,108.12
Chongqing,Shuangqiao,29.48,105.78
Chongqing,South Bank,29.52,106.57
Chongqing,Tongliang,29.85,106.05
Chongqing,Tongnan,30.18,105.83
Chongqing,Wansheng,28.97,106.92
Chongqing,Wanzhou,30.82,108.4
Chongqing,Wulong,29.33,107.75
Chongqing,Wushan,31.08,109.88
Chongqing,Wuxi,31.4,109.63
Chongqing,Xiushan,28.4483,109.0071
Chongqing,Xiushan Miao,28.45,108.98
Chongqing,Yijiang,29.03,106.65
Chongqing,Yongchuan,29.356,105.9271
Chongqing,Yu Bei,29.72,106.63
Chongqing,Yubei,29.718,106.6304
Chongqing,Yunyang,30.95,108.67
Chongqing,Yuzhong,29.55,106.57
Chongqing,Zhong,30.3,108.02
Fujian,Anxi,25.07,118.18
Fujian,Cangshan,26.05,119.32
Fujian,Carp,24.92,118.6
Fujian,Changle,25.97,119.52
Fujian,Changtai,24.62,117.75
Fujian,Changting,25.83,116.35
Fujian,City compartment,25.43,119
Fujian,Dai Rong,27.23,119.9
Fujian,Datian,25.7,117.85
Fujian,Dehua,25.5,118.23
Fujian,Dongshan,23.7,117.43
Fujian,Fengze,24.92,118.6
Fujian,Fu'an,27.08,119.65
Fujian,Fuding,27.33,120.22
Fujian,Fujian,26.0998,119.2966
Fujian,Fuqing,25.72,119.38
Fujian,Fuzhou,26.08,119.3
Fujian,Glittering,27.55,117.33
Fujian,Gulou,26.08,119.3
Fujian,Gutian,26.58,118.75
Fujian,Haicang,24.47,117.98
Fujian,Hanjiang,25.45,119.1
Fujian,Hua'an,25.02,117.53
Fujian,Hui'an,25.03,118.8
Fujian,Ji Le,26.73,117.47
Fujian,Jian'ou,27.03,118.32
Fujian,Jianning,26.83,116.83
Fujian,Jianyang,27.33,118.12
Fujian,Jiaocheng,26.67,119.52
Fujian,Jimei,24.57,118.1
Fujian,Jin'an,26.08,119.32
Fujian,Jinjiang,24.82,118.58
Fujian,Kinmen,24.43,118.32
Fujian,Lake,24.52,118.08
Fujian,Laocheng,24.52,117.65
Fujian,Liancheng,25.72,116.75
Fujian,Lianjiang,26.2,119.53
Fujian,Licheng,25.43,119.02
Fujian,Longhai,24.45,117.82
Fujian,Longwen,24.52,117.72
Fujian,Longyan,25.1,117.03
Fujian,Luojiang,24.95,118.67
Fujian,Luoyuan,26.48,119.55
Fujian,Mawei,26,119.45
Fujian,Mingxi,26.37,117.2
Fujian,Minhou,26.15,119.13
Fujian,Minqing,26.22,118.85
Fujian,Nan'an,24.97,118.38
Fujian,Nanjing,24.52,117.37
Fujian,Nanping,26.65,118.17
Fujian,Ningde,26.67,119.52
Fujian,Ninghua,26.27,116.65
Fujian,Pinghe,24.37,117.3
Fujian,Pingnan,26.92,118.98
Fujian,Pingtan,25.52,119.78
Fujian,Plum,26.27,117.63
Fujian,Pucheng,27.92,118.53
Fujian,Putian,25.43,119
Fujian,Qingliu,26.18,116.82
Fujian,Quangang,25.12,118.88
Fujian,Quanzhou,24.88,118.67
Fujian,Sand,26.4,117.78
Fujian,Sanming,26.27,117.62
Fujian,Shanghang,25.05,116.42
Fujian,Shawu,27.37,117.48
Fujian,Shishi,24.73,118.65
Fujian,Shouning,27.47,119.5
Fujian,Shunchang,26.8,117.8
Fujian,Silla,25.1,117.03
Fujian,Siming,24.45,118.08
Fujian,Songxi,27.53,118.78
Fujian,Taijiang,26.07,119.3
Fujian,Taining,26.9,117.17
Fujian,Three yuan,26.23,117.6
Fujian,Tong'an,24.73,118.15
Fujian,Wu Ping,25.1,116.1
Fujian,Wuyishan,27.77,118.03
Fujian,Xiamen,24.48,118.08
Fujian,Xiang'an,24.62,118.23
Fujian,Xianyou,25.37,118.68
Fujian,Xiapu,26.88,120
Fujian,Xiuyu,25.32,119.08
Fujian,Yanping,26.65,118.17
Fujian,Yongan,25.98,117.37
Fujian,Yongchun,25.32,118.3
Fujian,Yongding,24.72,116.73
Fujian,Yongtai,25.87,118.93
Fujian,Youxi,26.17,118.18
Fujian,Yunxiao,23.95,117.33
Fujian,Zhangping,25.3,117.42
Fujian,Zhangpu,24.13,117.62
Fujian,Zhangzhou,24.52,117.65
Fujian,Zhenghe,27.37,118.85
Fujian,Zhouning,27.12,119.33
Fujian,Zu'an,23.72,117.18
Gansu,Aksachabak,39.63,94.33
Gansu,Baiyin,36.5447,104.1377
Gansu,Chongxin,35.3,107.03
Gansu,City customs,36.05,103.83
Gansu,Cooperative market,34.98,102.92
Gansu,County,35.155,106.50999999999999
Gansu,Dangchang,34.05,104.38
Gansu,Diebu,34.05,103.22
Gansu,Dingxi,35.58,104.62
Gansu,District,35.55,106.67
Gansu,Dongxiang Topo,35.67,103.4
Gansu,Dunhuang,40.13,94.67
Gansu,Gangu,34.73,105.33
Gansu,Gannan,34.98,102.92
Gansu,Gansu,36.0594,103.8263
Gansu,Ganzhou,38.93,100.45
Gansu,Gaotai,39.38,99.82
Gansu,Guanghe,35.48,103.58
Gansu,Gulang,37.47,102.88
Gansu,Heshui,35.82,108.02
Gansu,Hezheng,35.43,103.35
Gansu,Huachi,36.47,107.98
Gansu,Huating,35.22,106.65
Gansu,Huining,35.7,105.05
Gansu,Huixian,33.77,106.08
Gansu,Jiayuguan,39.8,98.27
Gansu,Jinchang,38.5,102.18
Gansu,Jinda,39.98,98.9
Gansu,Jingning,35.52,105.72
Gansu,Jingtai,37.15,104.07
Gansu,Jingyuan,36.57,104.68
Gansu,Jinsheng,38.5,102.18
Gansu,Jiuquan,39.75,98.52
Gansu,Kang,33.33,105.6
Gansu,Kangle,35.37,103.72
Gansu,Lan'Zhou,36.07,103.82
Gansu,Lanzhou,36.0614,103.8342
Gansu,Liangzhou,37.93,102.63
Gansu,Lingtai,35.07,107.62
Gansu,Lintan,34.7,103.35
Gansu,Linxia,35.56666666666667,103.14666666666666
Gansu,Linyi,35.38,103.87
Gansu,Linze,39.13,100.17
Gansu,Longnan,33.4,104.92
Gansu,Longxi,35,104.63
Gansu,Luqu,34.58,102.48
Gansu,Maqu,34,102.07
Gansu,Minle,38.43,100.82
Gansu,Minqin,38.62,103.08
Gansu,Ningxian,35.5,107.92
Gansu,Pingchuan,36.73,104.83
Gansu,Pingliang,35.55,106.67
Gansu,Qin'an,34.87,105.67
Gansu,Qingcheng,36,107.88
Gansu,Qingshui,34.75,106.13
Gansu,Qingyang,35.73,107.63
Gansu,Qixian,34.43,104.03
Gansu,Red ancient zone,36.33,102.87
Gansu,Ritual,34.18,105.17
Gansu,Shandan,38.78,101.08
Gansu,Silver,36.55,104.18
Gansu,Stable,35.58,104.62
Gansu,Su Nan Yugu,38.83,99.62
Gansu,Subei,39.52,94.88
Gansu,Suzhou,39.75,98.52
Gansu,Tianshui,34.58,105.72
Gansu,Tianzhu,36.98,103.13
Gansu,Tongwei,35.2,105.25
Gansu,Tonini Prefecture,34.58,103.5
Gansu,Two counties,33.92,106.3
Gansu,Weiyuan,35.13,104.22
Gansu,Wenxian,32.95,104.68
Gansu,Wudu,33.4,104.92
Gansu,Wushan,34.72,104.88
Gansu,Wuwei,37.93,102.63
Gansu,Xiahe,35.2,102.52
Gansu,Xichuan,35.33,107.37
Gansu,Xifeng,35.73,107.63
Gansu,Xigu,36.1,103.62
Gansu,Xihe,34.02,105.3
Gansu,Yongchang,38.25,101.97
Gansu,Yongdeng,36.73,103.27
Gansu,Yongjing,35.93,103.32
Gansu,Yulan,36.33,103.95
Gansu,Yumen,40.28,97.05
Gansu,Yuzhong,35.85,104.12
Gansu,Zhang,34.85,104.47
Gansu,Zhangjiachuan,35,106.22
Gansu,Zhangye,38.93,100.45
Gansu,Zhengning,35.5,108.37
Gansu,Zhenyuan,35.68,107.2
Gansu,Zhouqu,33.78,104.37
Gansu,Zhuanglang,35.2,106.05
Guangdong,Baiyun,23.17,113.27
Guangdong,Bao'an,22.57,113.9
Guangdong,Bolo,23.18,114.28
Guangdong,Chao'an,23.45,116.68
Guangdong,Chaonan,23.25,116.43
Guangdong,Chaoyang,23.27,116.6
Guangdong,Chaozhou,23.67,116.62
Guangdong,Chenghai,23.48,116.77
Guangdong,Chican,21.27,110.37
Guangdong,Conghua,23.55,113.58
Guangdong,Deqing,23.15,111.77
Guangdong,Dianbai,21.5,111
Guangdong,Dinghu,23.17,112.57
Guangdong,Dongguan,23.05,113.75
Guangdong,Dongyuan,23.82,114.77
Guangdong,Doumen,22.22,113.28
Guangdong,Duanzhou,23.05,112.48
Guangdong,Enping,22.18,112.3
Guangdong,Fengkai,23.43,111.5
Guangdong,Fengshun,23.77,116.18
Guangdong,Fogang,23.88,113.53
Guangdong,Foshan,23.02,113.12
Guangdong,Fresh,23.73,112.98
Guangdong,Futian,22.53,114.05
Guangdong,Gaoming,22.9,112.88
Guangdong,Gaozhou,21.92,110.85
Guangdong,Golden Bay,22.07,113.4
Guangdong,Guangdong,23.1317,113.2663
Guangdong,Guangning,23.63,112.43
Guangdong,Guangzhou,23.13,113.27
Guangdong,Haifeng,22.97,115.33
Guangdong,Haizhu,23.1,113.25
Guangdong,Hemp,21.27,110.32
Guangdong,Heping,24.45,114.93
Guangdong,Heshan,22.77,112.97
Guangdong,Heyuan,23.73,114.7
Guangdong,Highlight,23.03,112.45
Guangdong,Huadu,23.4,113.22
Guangdong,Huaiji,23.92,112.18
Guangdong,Huangpu,23.1,113.45
Guangdong,Huazhou,21.67,110.63
Guangdong,Huicheng,23.08,114.4
Guangdong,Huidong,22.98,114.72
Guangdong,Huilai,23.03,116.28
Guangdong,Huiyang,22.8,114.47
Guangdong,Huizhou,23.12,114.42
Guangdong,Increase the,23.3,113.83
Guangdong,Jialing,24.67,116.17
Guangdong,Jiangcheng,21.87,111.95
Guangdong,Jiangmen,22.58,113.08
Guangdong,Jiedong,23.57,116.42
Guangdong,Jiexi,23.43,115.83
Guangdong,Jieyang,23.55,116.37
Guangdong,Jinping,23.37,116.7
Guangdong,Kaiping,22.38,112.67
Guangdong,Lechang,25.13,113.35
Guangdong,Leizhou,20.92,110.08
Guangdong,Lianjiang,21.62,110.27
Guangdong,Liannan Yao,24.72,112.28
Guangdong,Lianping,24.37,114.48
Guangdong,Lianshan Zhuang Yao,24.57,112.08
Guangdong,Lianzhou,24.78,112.38
Guangdong,Liwan,23.13,113.23
Guangdong,Longchuan,24.1,115.25
Guangdong,Longgang,22.73,114.27
Guangdong,Longhu,23.37,116.72
Guangdong,Longmen,23.73,114.25
Guangdong,Lufeng,22.95,115.65
Guangdong,Luhe,23.3,115.65
Guangdong,Luoding,22.77,111.57
Guangdong,Luohu,22.55,114.12
Guangdong,Maogang,21.47,111.02
Guangdong,Maoming,21.67,110.92
Guangdong,Maonan,21.63,110.92
Guangdong,Meijiang,24.32,116.12
Guangdong,Meizhou,24.28,116.12
Guangdong,Nan'ao,23.42,117.02
Guangdong,Nangxiong,25.12,114.3
Guangdong,Nanhai,23.03,113.15
Guangdong,Nanshan,22.52,113.92
Guangdong,Panyu,22.95,113.35
Guangdong,Pingyuan,24.57,115.88
Guangdong,Plum,24.28,116.05
Guangdong,Puning,23.3,116.18
Guangdong,Qingcheng,23.7,113.02
Guangdong,Qingyuan,23.7,113.03
Guangdong,Qujiang,24.68,113.6
Guangdong,Rao Ping,23.67,117
Guangdong,Renhua,25.08,113.75
Guangdong,Ruyuan Yao,24.78,113.27
Guangdong,Shan Tou,23.35,116.68
Guangdong,Shantou,23.3535,116.6822
Guangdong,Shanwei,22.78,115.37
Guangdong,Shaoguan,24.82,113.6
Guangdong,Shenzhen,22.55,114.05
Guangdong,Shixing,24.95,114.07
Guangdong,Shunde,22.8,113.3
Guangdong,Sihui,23.33,112.68
Guangdong,Slope,21.23,110.47
Guangdong,Source,23.73,114.7
Guangdong,Suixi,21.38,110.25
Guangdong,Tai Po,24.35,116.7
Guangdong,Taishan,22.25,112.78
Guangdong,Three waters,23.17,112.87
Guangdong,Tianhe,23.12,113.35
Guangdong,Wengyuan,24.35,114.13
Guangdong,Wuchuan,21.43,110.77
Guangdong,Wuhua,23.93,115.77
Guangdong,Wujiang,24.8,113.57
Guangdong,Xia Mountain,21.2,110.4
Guangdong,Xiangqiao,23.68,116.63
Guangdong,Xiangzhou,22.27,113.55
Guangdong,Xinfeng,24.07,114.2
Guangdong,Xingning,24.15,115.73
Guangdong,Xinhui,22.47,113.03
Guangdong,Xinxing,22.7,112.23
Guangdong,Xinyi,22.35,110.95
Guangdong,Xuwen,20.33,110.17
Guangdong,Yangchun,22.18,111.78
Guangdong,Yangdong,21.88,112.02
Guangdong,Yangjiang,21.87,111.98
Guangdong,Yangshan,24.48,112.63
Guangdong,Yangxi,21.75,111.62
Guangdong,Yantian,22.55,114.22
Guangdong,Yijiang,24.8,113.6
Guangdong,Yingde,24.18,113.4
Guangdong,Yuexiu,23.13,113.27
Guangdong,Yun'an,23.08,112
Guangdong,Yunan,23.23,111.53
Guangdong,Yuncheng,22.93,112.03
Guangdong,Yunfu,22.92,112.03
Guangdong,Zhangjiang,21.27,110.35
Guangdong,Zhaoqing,23.05,112.47
Guangdong,Zhongshan,22.52,113.38
Guangdong,Zhuhai,22.27,113.57
Guangdong,Zijin,23.63,115.18
Guangxi,Autonomous counties of all ethnic groups in Longlin,24.77,105.33
Guangxi,Babai,22.28,109.97
Guangxi,Baise,23.9022,106.6184
Guangxi,Bama Yao,24.15,107.25
Guangxi,Beihai,21.48,109.12
Guangxi,Beiliu,22.72,110.35
Guangxi,Best,23.9,106.62
Guangxi,Binyang,23.22,108.8
Guangxi,Cangwu,23.42,111.23
Guangxi,Cenxi,22.92,110.98
Guangxi,Chongzuo,22.4,107.37
Guangxi,Dahua Yao,23.73,107.98
Guangxi,Daxin,22.83,107.2
Guangxi,Debao,23.33,106.62
Guangxi,Donglan,24.52,107.37
Guangxi,Dongxing,21.53,107.97
Guangxi,Du'an Yao,23.93,108.1
Guangxi,Fangcheng,21.77,108.35
Guangxi,Fangchenggang,21.7,108.35
Guangxi,Fengshan,24.55,107.05
Guangxi,Fuchuan Yao,24.83,111.27
Guangxi,Fusui,22.63,107.9
Guangxi,Gongcheng Yao,24.83,110.83
Guangxi,Guangxi,23.6,108.3
Guangxi,Guanyang,25.48,111.15
Guangxi,Guest,23.73,109.23
Guangxi,Guigang,23.1,109.6
Guangxi,Guilin,25.28,110.28
Guangxi,Guiping,23.4,110.08
Guangxi,Hechi,24.7,108.07
Guangxi,Hengxian,22.68,109.27
Guangxi,Hepu,21.67,109.2
Guangxi,Heshan,23.82,108.87
Guangxi,Hezhou,24.42,111.55
Guangxi,Huanjiang Maonan,24.83,108.25
Guangxi,Jiangnan,22.78,108.28
Guangxi,Jingxi,23.13,106.42
Guangxi,Jinshengjiang,24.7,108.05
Guangxi,Jinxiu Yao,24.13,110.18
Guangxi,Laibin,23.7521,109.2224
Guangxi,Leye,24.78,106.55
Guangxi,Liangqing,22.77,108.32
Guangxi,Lingchuan,25.42,110.32
Guangxi,Lingshan,22.43,109.3
Guangxi,Lingui,25.23,110.2
Guangxi,Lingyun,24.35,106.57
Guangxi,Liucheng,24.65,109.23
Guangxi,Liujiang,24.27,109.33
Guangxi,Liunan,24.35,109.38
Guangxi,Liuzhou,24.33,109.42
Guangxi,Longan,23.18,107.68
Guangxi,Longsheng autonomous counties,25.8,110
Guangxi,Longzhou,22.35,106.85
Guangxi,Luchuan,22.33,110.27
Guangxi,Luocheng Êóè,24.78,108.9
Guangxi,Luzhai,24.48,109.73
Guangxi,Mashan,23.72,108.17
Guangxi,Mengshan,24.2,110.52
Guangxi,Naipo,23.42,105.83
Guangxi,NanNing,22.82,108.37
Guangxi,Nandan,24.98,107.53
Guangxi,Nanning,22.8167,108.3669
Guangxi,Ningming,22.13,107.07
Guangxi,Pingguo,23.32,107.58
Guangxi,Pingle,24.63,110.63
Guangxi,Pingnan,23.55,110.38
Guangxi,Pingxiang,22.12,106.75
Guangxi,Port,21.65,108.37
Guangxi,Pu Beibei,22.27,109.55
Guangxi,Qinbei,21.98,108.63
Guangxi,Qintang,23.13,109.42
Guangxi,Qinzhou,21.95,108.62
Guangxi,Resource,26.03,110.63
Guangxi,Rong'an,25.23,109.4
Guangxi,Rongshui Miao,25.07,109.25
Guangxi,Rongxian,22.87,110.55
Guangxi,Sanjiang Dong,25.78,109.6
Guangxi,Shanglin,23.43,108.6
Guangxi,Shangsi,22.15,107.98
Guangxi,Tian'e,25,107.17
Guangxi,Tiandong,23.6,107.12
Guangxi,Tianlin,24.3,106.23
Guangxi,Tianyang,23.73,106.92
Guangxi,Tianyou,23.08,107.13
Guangxi,Tieshan Port,21.53,109.43
Guangxi,Vine,23.38,110.92
Guangxi,Whole state,25.93,111.07
Guangxi,Wuming,23.17,108.27
Guangxi,Wuxuan,23.6,109.67
Guangxi,Wuzhou,23.48,111.27
Guangxi,Xiangzhou,23.97,109.68
Guangxi,Xilin,24.5,105.1
Guangxi,Xincheng,24.07,108.67
Guangxi,Xing'an,25.62,110.67
Guangxi,Xingning,22.87,108.38
Guangxi,Xingye,22.75,109.87
Guangxi,Xixiangtang,22.83,108.3
Guangxi,Yangshuo,24.78,110.48
Guangxi,Yizhou,24.5,108.67
Guangxi,Yongfu,24.98,109.98
Guangxi,Yongning,22.75,108.48
Guangxi,Yulin,22.63,110.17
Guangxi,Zhaoping,24.17,110.8
Guangxi,Zhongshan,24.53,111.3
Guizhou,Along the river,28.57,108.5
Guizhou,Anlong,25.12,105.47
Guizhou,Anshun,26.25,105.95
Guizhou,Baiyun,26.68,106.65
Guizhou,Bijie,27.3,105.28
Guizhou,Book of Heng,24.98,105.82
Guizhou,Cen Gong,27.18,108.82
Guizhou,Changshun,26.03,106.45
Guizhou,Chishui,28.58,105.7
Guizhou,Congjiang,25.75,108.9
Guizhou,Danzhai,26.2,107.8
Guizhou,Dao Zhenzheng Gecer Miao,28.88,107.6
Guizhou,Dejiang,28.27,108.12
Guizhou,Dushan,25.83,107.53
Guizhou,Duyun,26.27,107.52
Guizhou,Fenggang,27.97,107.72
Guizhou,Fuquan,26.7,107.5
Guizhou,Great Prefecture,27.15,105.6
Guizhou,Guiding,26.58,107.23
Guizhou,Guiyang,26.65,106.63
Guizhou,Guizhou,26.5982,106.7072
Guizhou,Guoling,25.95,105.62
Guizhou,Hezhang,27.13,104.72
Guizhou,Honghuagang,27.65,106.92
Guizhou,Huangping,26.9,107.9
Guizhou,Huichuan,27.73,106.92
Guizhou,Huishui,26.13,106.65
Guizhou,Jiangkou,27.7,108.85
Guizhou,Jianhe,26.73,108.45
Guizhou,Jinping,26.68,109.2
Guizhou,Jinsha,27.47,106.22
Guizhou,Junan,27.07,107.47
Guizhou,Kaili,26.58,107.97
Guizhou,Kaiyang,27.07,106.97
Guizhou,Kuchuan Gelao Miao,28.53,107.88
Guizhou,Leishan,26.38,108.07
Guizhou,Libo,25.42,107.88
Guizhou,Liping,26.23,109.13
Guizhou,Liupan Water Market,26.6,104.83
Guizhou,Liuzhi Special Economic Zone,26.22,105.48
Guizhou,Longli,26.45,106.97
Guizhou,Luodian,25.43,106.75
Guizhou,Lupanshui,26.5934,104.8302
Guizhou,Majiang,26.5,107.58
Guizhou,Meitan,27.77,107.48
Guizhou,Nanming,26.57,106.72
Guizhou,Nayong,26.78,105.38
Guizhou,Panxian,25.72,104.47
Guizhou,Pingba,26.42,106.25
Guizhou,Pingtang,25.83,107.32
Guizhou,Puding,26.32,105.75
Guizhou,Putian,25.78,104.95
Guizhou,Qiandongnan,26.5836,107.9842
Guizhou,Qiannan,26.27,107.52
Guizhou,Qianxi,27.03,106.03
Guizhou,Qianxinan,25.0899,104.9044
Guizhou,Qinglong,25.83,105.22
Guizhou,Qingzhen,26.55,106.47
Guizhou,Renhuai,27.82,106.42
Guizhou,Rongjiang,25.93,108.52
Guizhou,Sandu aquarium,25.98,107.87
Guizhou,Sansui,26.97,108.68
Guizhou,Shi Bing,27.03,108.12
Guizhou,Shizhen,27.52,108.23
Guizhou,Shuicheng,26.55,104.95
Guizhou,Sinan,27.93,108.25
Guizhou,Small river,26.53,106.7
Guizhou,Songtao Miao,28.17,109.2
Guizhou,Southeast Guizhou Miao,26.58,107.97
Guizhou,Suiyang,27.95,107.18
Guizhou,Taijiang,26.67,108.32
Guizhou,Tianzhu,26.92,109.2
Guizhou,Tongren,27.72,109.18
Guizhou,Tongzi,28.13,106.82
Guizhou,Wangmo,25.17,106.1
Guizhou,Wanshan Special Economic Zone,27.52,109.2
Guizhou,Weakin,26.67,105.77
Guizhou,Wu Dang,26.63,106.75
Guizhou,Xi Shui,28.32,106.22
Guizhou,Xingren,25.43,105.18
Guizhou,Xingyi,25.08,104.9
Guizhou,Xiuwen,26.83,106.58
Guizhou,Xixian,27.1,106.73
Guizhou,Xixiu,26.25,105.92
Guizhou,Yinjiang Miao,28,108.4
Guizhou,Yunyan,26.62,106.72
Guizhou,Yuping,27.23,108.92
Guizhou,Yuqing,27.22,107.88
Guizhou,Zhen Ning,26.07,105.77
Guizhou,Zhenfeng,25.38,105.65
Guizhou,Zheng'an,28.55,107.43
Guizhou,Zhenyuan,27.05,108.42
Guizhou,Zhongshan,26.6,104.83
Guizhou,Ziyun Miao Miao Buyi,25.75,106.08
Guizhou,Zunyi,27.630000000000003,106.875
Hainan,Baisha Li,19.23,109.45
Hainan,Baoting,18.63,109.7
Hainan,Changjiang Li,19.25,109.05
Hainan,Chengmai,19.73,110
Hainan,Danzhou,19.5209,109.5807
Hainan,Dazhou,19.52,109.57
Hainan,Ding'an,19.7,110.32
Hainan,Dongfang,19.0961,108.6537
Hainan,Haikou,20.03,110.32
Hainan,Hainan,20.02,110.3486
Hainan,Ledong,18.7499,109.1736
Hainan,Ledongli,18.75,109.17
Hainan,Lingao,19.92,109.68
Hainan,Lingshui,18.506,110.0372
Hainan,Lingshui Li,18.5,110.03
Hainan,Longhua,20.03,110.3
Hainan,Meilan,20.03,110.37
Hainan,Oriental,19.1,108.63
Hainan,Qionghai,19.25,110.47
Hainan,Qiongshan,20,110.35
Hainan,Qiongzhong,19.0333,109.8384
Hainan,Qiongzhongli Miao,19.03,109.83
Hainan,Sansha,16.831,112.3386
Hainan,Sanya,18.25,109.5
Hainan,Tunchang,19.37,110.1
Hainan,Wanning,18.8,110.4
Hainan,Wenchang,19.55,110.8
Hainan,Wuzhishan,18.78,109.52
Hainan,Xiuying,20.02,110.28
Hebei,All,40.75,114.72
Hebei,Anguo,38.42,115.32
Hebei,Anping,38.23,115.52
Hebei,Anxin,38.92,115.93
Hebei,Baixiang,37.5,114.68
Hebei,Baoding,38.87,115.47
Hebei,Bazhou,39.1,116.4
Hebei,Beidaihe,39.83,119.48
Hebei,Big Factory,39.88,116.98
Hebei,Bono,38.45,115.47
Hebei,Botou,38.07,116.57
Hebei,Bridge East,38.63333333333333,114.63333333333334
Hebei,Canal,38.32,116.85
Hebei,Cangxian,38.3,116.87
Hebei,Cangzhou,38.3,116.83
Hebei,Chang'an,38.05,114.52
Hebei,Changli,39.7,119.17
Hebei,Cheng'an,36.43,114.68
Hebei,Chengde,40.870000000000005,118.05000000000001
Hebei,Chicheng,40.92,115.83
Hebei,Chongli,40.97,115.27
Hebei,Cities,38.03,114.83
Hebei,Cluster,36.63,114.48
Hebei,County,37.56,114.81666666666666
Hebei,Dacheng,38.7,116.63
Hebei,Daming,36.28,115.15
Hebei,Dannan,39.5,118.68
Hebei,Dazhou,39.48,115.97
Hebei,Dingxing,39.27,115.77
Hebei,Dingzhou,38.52,114.97
Hebei,Dongguang,37.88,116.53
Hebei,Eagle Small Camp Zone Mining,40.55,117.65
Hebei,Feixiang,36.55,114.8
Hebei,Fengfeng Mining,36.42,114.2
Hebei,Fengnan,39.57,118.1
Hebei,Fengning Manchu,41.2,116.65
Hebei,Fengrun,39.83,118.17
Hebei,Fucheng,37.87,116.15
Hebei,Funing,39.88,119.23
Hebei,Fuping,38.85,114.18
Hebei,Gaobeidian,39.33,115.85
Hebei,Gaoyang,38.68,115.78
Hebei,Gaoyi,37.6,114.6
Hebei,Gu'an,39.43,116.3
Hebei,Guangping,36.48,114.93
Hebei,Guangyang,39.53,116.72
Hebei,Guangzong,37.07,115.15
Hebei,Guye,39.73,118.42
Hebei,Guyuan,41.67,115.7
Hebei,Haigang,39.93,119.6
Hebei,Haixing,38.13,117.48
Hebei,Handan,36.61,114.505
Hebei,Hangshan,36.6,114.48
Hebei,Hebei,38.036,114.4698
Hebei,Hejian,38.43,116.08
Hebei,Hengshui,37.73,115.68
Hebei,Hometown,37.35,115.97
Hebei,Huai'an,40.67,114.42
Hebei,Huailai,40.4,115.52
Hebei,Huanghua,38.37,117.35
Hebei,Jingxian,37.7,116.27
Hebei,Jingyi,38.03,114.13
Hebei,Jingyu Mining,38.08,114.05
Hebei,Jinzhou,38.03,115.03
Hebei,Jize,36.92,114.87
Hebei,Jizhou,37.57,115.57
Hebei,Junlu,37.22,115.03
Hebei,Kaiping,39.68,118.27
Hebei,Kangbao,41.85,114.62
Hebei,Kuancheng Manchu,40.6,118.48
Hebei,Langfang,39.52,116.7
Hebei,Ledting,39.42,118.9
Hebei,Li,38.48,115.57
Hebei,Lincheng,37.43,114.5
Hebei,Lingshou,38.3,114.37
Hebei,Linxi,36.85,115.5
Hebei,Linzhang,36.35,114.62
Hebei,Lishui,39.4,115.72
Hebei,Longhua,41.32,117.72
Hebei,Longyao,37.35,114.77
Hebei,Lu Long,39.88,118.87
Hebei,Luancheng,37.88,114.65
Hebei,Lubei,39.63,118.22
Hebei,Lugu,40.38,115.22
Hebei,Lunan,39.63,118.17
Hebei,Luquan,38.08,114.3
Hebei,Magnetic,36.35,114.37
Hebei,Mancheng,38.95,115.32
Hebei,Mengcun,38.07,117.1
Hebei,Museumi,36.53,115.3
Hebei,Nangong,37.35,115.38
Hebei,Nanhe,37,114.68
Hebei,Nanpi,38.03,116.7
Hebei,Nanshi,38.85,115.5
Hebei,Neiqiu,37.3,114.52
Hebei,New urban,38.87,115.45
Hebei,Ningjin,37.62,114.92
Hebei,North,38.87,115.48
Hebei,Piece Manchu,41.93,117.75
Hebei,Pingping,40.93,117.33
Hebei,Pingquan,41,118.68
Hebei,Pingshan,38.25,114.2
Hebei,Pingxiang,37.07,115.03
Hebei,Qian'an,40.02,118.7
Hebei,Qianxi,40.15,118.32
Hebei,Qiaoxi,38.63666666666666,114.60333333333334
Hebei,Qing,38.58,116.82
Hebei,Qinghe,37.07,115.67
Hebei,Qinglong Manchu,40.4,118.95
Hebei,Qingyuan,38.77,115.48
Hebei,Qinhuangdao,39.93,119.6
Hebei,Qiu,36.82,115.17
Hebei,Qixian,39.75,118.7
Hebei,Qu Zhou,36.78,114.95
Hebei,Quyang,38.62,114.7
Hebei,Raoyang,38.23,115.73
Hebei,Renqiu,38.72,116.1
Hebei,Revival,36.63,114.45
Hebei,Rongcheng,39.05,115.87
Hebei,Sanhe,39.98,117.07
Hebei,Shahe,36.85,114.5
Hebei,Shangyi,41.08,113.97
Hebei,Shanhaiguan,40,119.77
Hebei,Shenze,38.18,115.2
Hebei,Shenzhou,38.02,115.55
Hebei,Shijiazhuang,38.05,114.52
Hebei,Shuanglu,40.95,117.78
Hebei,Shuangqiao,40.97,117.93
Hebei,Shunping,38.83,115.13
Hebei,Sub -zone,39.52,116.68
Hebei,Suning,38.43,115.83
Hebei,Tanghai,39.27,118.45
Hebei,Tangshan,39.63,118.2
Hebei,Tangxian,38.75,114.98
Hebei,Taocheng,37.73,115.68
Hebei,Wangdu,38.72,115.15
Hebei,Wei,37.733333333333334,114.91666666666667
Hebei,Wen'an,38.87,116.47
Hebei,Wu'an,36.7,114.2
Hebei,Wuji,38.18,114.97
Hebei,Wuqiang,38.03,115.98
Hebei,Wuqiao,37.62,116.38
Hebei,Wuyi,37.82,115.88
Hebei,Xiahua Park,40.48,115.27
Hebei,Xianghe,39.77,117
Hebei,Xianxian,38.18,116.12
Hebei,Xinglong,40.43,117.52
Hebei,Xingtai,37.075,114.49000000000001
Hebei,Xingtang,38.43,114.55
Hebei,Xinhe,37.53,115.25
Hebei,Xinhua,38.185,115.67
Hebei,Xinji Market,37.92,115.22
Hebei,Xinle,38.35,114.68
Hebei,Xuanhua,40.575,115.035
Hebei,Xushui,39.02,115.65
Hebei,Yangyuan,40.12,114.17
Hebei,Yanyan,38.05,117.22
Hebei,Yixian,39.35,115.5
Hebei,Yiyuan,39.35,114.68
Hebei,Yongnian,36.78,114.48
Hebei,Yongqing,39.32,116.5
Hebei,Yuanshi,37.75,114.52
Hebei,Yuhua,38.02,114.52
Hebei,Yutian,39.88,117.73
Hebei,Zanhuang,37.67,114.38
Hebei,Zaoqiang,37.52,115.72
Hebei,Zhangbei,41.15,114.7
Hebei,Zhangjiakou,40.82,114.88
Hebei,Zhao,37.75,114.77
Hebei,Zhengding,38.15,114.57
Hebei,Zunhua,40.18,117.95
Heilongjiang,Aihui,50.25,127.48
Heilongjiang,Aimin,44.58,129.58
Heilongjiang,Anda,46.4,125.33
Heilongjiang,Angangxi,47.15,123.8
Heilongjiang,Baiquan,47.6,126.08
Heilongjiang,Baoqing,46.32,132.2
Heilongjiang,Baoshan,46.57,131.4
Heilongjiang,Bayan,46.08,127.4
Heilongjiang,Bei'an,48.23,126.52
Heilongjiang,Belt mountain,47.02,129.02
Heilongjiang,Boli,45.75,130.57
Heilongjiang,Bungalow,45.62,126.62
Heilongjiang,Chengzihe,45.33,131
Heilongjiang,Cockle,45.3,130.97
Heilongjiang,County,45.75,127.48
Heilongjiang,Cuilian,47.72,128.65
Heilongjiang,Da Hinggan Ling,52.3352,124.7115
Heilongjiang,Daqing,46.58,125.03
Heilongjiang,Datong,46.03,124.82
Heilongjiang,Daxinganling,50.42,124.12
Heilongjiang,Di Dao,45.37,130.78
Heilongjiang,Diaoli,45.77,126.62
Heilongjiang,Dong'an,44.58,129.62
Heilongjiang,Dongfeng,46.82,130.4
Heilongjiang,Dongning,44.07,131.12
Heilongjiang,Dongshan,47.33,130.32
Heilongjiang,Dual,45.37,126.32
Heilongjiang,Durbert,46.87,124.45
Heilongjiang,Eggplant River,45.77,131.07
Heilongjiang,Emerging,45.8,130.83
Heilongjiang,Fangzheng,45.83,128.83
Heilongjiang,Forayki,47.2,123.62
Heilongjiang,Forward zone,46.82,130.37
Heilongjiang,Friendly,47.85,128.82
Heilongjiang,Friendship,46.78,131.8
Heilongjiang,Fujin,47.25,132.03
Heilongjiang,Fuyuan,48.37,134.28
Heilongjiang,Gannan,47.92,123.5
Heilongjiang,Hailin,44.57,129.38
Heilongjiang,Harbin,45.8,126.53
Heilongjiang,Hegang,47.33,130.27
Heilongjiang,Heihe,50.25,127.48
Heilongjiang,Heilongjiang,45.7421,126.6629
Heilongjiang,Helen,47.47,126.97
Heilongjiang,Hengshan,45.2,130.93
Heilongjiang,Homa,51.73,126.65
Heilongjiang,Honggang,46.4,124.88
Heilongjiang,Hongxing,48.23,129.38
Heilongjiang,Hua Nan,46.23,130.57
Heilongjiang,Huaichuan,47.02,130.72
Heilongjiang,Huilin,45.77,132.98
Heilongjiang,Hulan,45.9,126.58
Heilongjiang,Jiamusi,46.82,130.37
Heilongjiang,Jianhua,47.35,123.95
Heilongjiang,Jianshan,46.63,131.17
Heilongjiang,Jiayin,48.88,130.38
Heilongjiang,Jidong,45.25,131.13
Heilongjiang,Jinshan Tun,47.42,129.43
Heilongjiang,Jixi,45.3,130.97
Heilongjiang,Jixian,46.72,131.13
Heilongjiang,Keshan,48.03,125.87
Heilongjiang,Kidong,48.03,126.25
Heilongjiang,Lanxi,46.27,126.28
Heilongjiang,Lingdong,46.57,131.13
Heilongjiang,Linkian,47.18,124.87
Heilongjiang,Linkou,45.3,130.27
Heilongjiang,Longfeng,46.53,125.1
Heilongjiang,Longjiang,47.33,123.18
Heilongjiang,Longsha,47.32,123.95
Heilongjiang,Luobei,47.58,130.83
Heilongjiang,Luxu,46.65,124.85
Heilongjiang,Mashan,45.2,130.52
Heilongjiang,Meixi,47.63,129.13
Heilongjiang,Mingshui,47.18,125.9
Heilongjiang,Miyama,45.55,131.87
Heilongjiang,Mohe,52.97,122.53
Heilongjiang,Momoyama,45.77,130.97
Heilongjiang,Mu Emperor,44.92,130.52
Heilongjiang,Mudanjiang,44.58,129.6
Heilongjiang,Mulan,45.95,128.03
Heilongjiang,Nangang,45.77,126.68
Heilongjiang,Nanshan,47.3,130.28
Heilongjiang,Neohe,48.48,124.87
Heilongjiang,Ning'an,44.35,129.47
Heilongjiang,Northern forest,46.63,126.98
Heilongjiang,Outer,45.78,126.65
Heilongjiang,Pear tree,45.08,130.68
Heilongjiang,Qing'an,46.88,127.52
Heilongjiang,Qinggang,46.68,126.1
Heilongjiang,Qiqihar,47.33,123.95
Heilongjiang,Qitaihe,45.78,130.95
Heilongjiang,Raohe,46.8,134.02
Heilongjiang,Salu,46.6,125.02
Heilongjiang,Shang Ganling,47.97,129.02
Heilongjiang,Shangzhi,45.22,127.95
Heilongjiang,Shuangyashan,46.63,131.15
Heilongjiang,Sifangtai,46.58,131.33
Heilongjiang,Songbei,45.8,126.55
Heilongjiang,Southern fork,47.13,129.28
Heilongjiang,Suibin,47.28,131.85
Heilongjiang,Suifenhe,44.42,131.15
Heilongjiang,Suihua,46.63,126.98
Heilongjiang,Suilie,47.25,127.1
Heilongjiang,Sun Wu,49.42,127.32
Heilongjiang,Tahe,52.32,124.7
Heilongjiang,Tailai,46.4,123.42
Heilongjiang,Tangwang River,48.45,129.57
Heilongjiang,Tangyuan,46.73,129.9
Heilongjiang,Tiefeng,47.35,123.98
Heilongjiang,Tieli,46.98,128.02
Heilongjiang,Tonghe,45.97,128.75
Heilongjiang,Tongjiang,47.65,132.52
Heilongjiang,Wangkui,46.83,126.48
Heilongjiang,Waying,48.6,129.42
Heilongjiang,Wealthy,47.82,124.47
Heilongjiang,Workers farmers,47.32,130.25
Heilongjiang,Wu Dalian Chishi,48.52,126.2
Heilongjiang,Wuchang,44.92,127.15
Heilongjiang,Wuma River,47.72,128.78
Heilongjiang,Wuying,48.12,129.25
Heilongjiang,Xi'an,44.57,129.62
Heilongjiang,Xiangfang,45.72,126.68
Heilongjiang,Xiangyang,47.065,130.305
Heilongjiang,Xilin,47.48,129.28
Heilongjiang,Xing'an,47.27,130.22
Heilongjiang,Xingshan,47.37,130.3
Heilongjiang,Xinqing,48.28,129.53
Heilongjiang,Xunke,49.58,128.47
Heilongjiang,Yangming,44.6,129.63
Heilongjiang,Yanshou,45.45,128.33
Heilongjiang,Yi'an,47.88,125.3
Heilongjiang,Yichun,47.73,128.9
Heilongjiang,Yilan,46.32,129.55
Heilongjiang,Zhaodong,46.07,125.98
Heilongjiang,Zhaoyuan,45.52,125.08
Heilongjiang,Zhaozhou,45.7,125.27
Heilongjiang,suburbs,46.8,130.32
Henan,Anyang,36.1,114.365
Henan,Baofeng,33.88,113.07
Henan,Beiguan,36.12,114.35
Henan,Biyang,32.72,113.32
Henan,Boai,35.17,113.07
Henan,Central Plains,34.75,113.6
Henan,Central station,35.23,113.17
Henan,Changge,34.22,113.77
Henan,Changyuan,35.2,114.68
Henan,Cities,33.45,114.9
Henan,Civil rights,34.65,115.13
Henan,Dance steel market,33.3,113.52
Henan,Dancheng,33.65,115.2
Henan,Dengfeng,34.47,113.03
Henan,Dengzhou,32.68,112.08
Henan,Fan,35.87,115.5
Henan,Fangcheng,33.27,113
Henan,Fengqiu,35.05,114.42
Henan,Fengquan,35.38,113.92
Henan,Former,36,115.85
Henan,Fugou,34.07,114.38
Henan,Geely,34.9,112.58
Henan,Gongjia,35.27,113.65
Henan,Gongyi,34.77,112.98
Henan,Gu Shi,32.18,115.68
Henan,Guancheng,34.75,113.67
Henan,Guangshan,32.02,114.9
Henan,Gulou,34.78,114.35
Henan,Hebi,35.75,114.28
Henan,Henan,34.7657,113.7532
Henan,Heshan,35.95,114.15
Henan,Huaibin,32.43,115.4
Henan,Huaiyang,33.73,114.88
Henan,Hualong,35.78,115.07
Henan,Huangchuan,32.13,115.03
Henan,Huiji,34.87,113.6
Henan,Huixian,35.47,113.8
Henan,Jiaozuo,35.22,113.25
Henan,Jinshui,34.78,113.65
Henan,Jiyuan,35.07,112.58
Henan,Junxian,35.67,114.55
Henan,Kaifeng,34.785,114.36500000000001
Henan,Lake,34.78,111.2
Henan,Lancao,34.82,114.82
Henan,Laocheng,33.58,114
Henan,Liangyuan,34.45,115.63
Henan,Liberation,35.25,113.22
Henan,Liling,34.1,114.2
Henan,Lingbao,34.52,110.87
Henan,Lintong,33.82,113.93
Henan,Linzhou,36.07,113.82
Henan,Longan,36.1,114.32
Henan,Longting,34.8,114.35
Henan,Lu's,34.05,111.05
Henan,Luanchuan,33.78,111.62
Henan,Luohe,32.849999999999994,114.035
Henan,Luolong,34.62,112.45
Henan,Luoning,34.38,111.65
Henan,Luoshan,32.2,114.53
Henan,Luoyang,34.62,112.45
Henan,Lushan,33.73,112.9
Henan,Luyi,33.87,115.48
Henan,Ma Village,35.27,113.32
Henan,Makino,35.32,113.9
Henan,Mall,31.8,115.4
Henan,Martial arts,35.1,113.38
Henan,Mengjin,34.83,112.43
Henan,Mengzhou,34.9,112.78
Henan,Mountainous,35.9,114.18
Henan,Nanle,36.08,115.2
Henan,Nanyang,33,112.52
Henan,Nanzhao,33.5,112.43
Henan,Neihuang,35.95,114.9
Henan,Nengxiang,33.05,111.85
Henan,New,31.63,114.87
Henan,Ningling,34.45,115.32
Henan,Permanent,33.92,116.43
Henan,Pingdingshan,33.77,113.18
Henan,Pingqiao,32.1,114.12
Henan,Pingyu,32.97,114.63
Henan,Pochi,34.77,111.75
Henan,Post -city,32.97,114.05
Henan,Puyang,35.1575,114.77
Henan,Qi,35.075,114.49000000000001
Henan,Qibin,35.73,114.3
Henan,Qingfeng,35.9,115.12
Henan,Qingshan,32.8,114.02
Henan,Qinyang,35.08,112.93
Henan,Qixian,33.97,113.22
Henan,Red flag,35.3,113.87
Henan,Runan,33,114.35
Henan,Ruyang,34.15,112.47
Henan,Ruzhou,34.17,112.83
Henan,Sanmenxia,34.78,111.2
Henan,Shaanxi,34.7,111.08
Henan,Shangcai,33.27,114.27
Henan,Shangqiu,34.45,115.65
Henan,Shangshui,33.53,114.6
Henan,Shanyang,35.22,113.25
Henan,Shenqiu,33.4,115.07
Henan,Sheqi,33.05,112.93
Henan,Shilong,33.9,112.88
Henan,Shunhe,34.8,114.35
Henan,Slippery,35.58,114.52
Henan,Song,34.15,112.1
Henan,Suiping,33.15,114
Henan,Suixian,34.45,115.07
Henan,Taikang,34.07,114.85
Henan,Tancheng,34.07,115.3
Henan,Tanghe,32.7,112.83
Henan,Tangyin,35.92,114.35
Henan,Tongbai,32.37,113.4
Henan,Tongxu,34.48,114.47
Henan,Two -sevens,34.73,113.65
Henan,Upper neighborhood,34.82,113.28
Henan,Wancheng,33.02,112.55
Henan,Wei Bin,35.3,113.85
Henan,Weidong,33.73,113.33
Henan,Weidu,34.03,113.82
Henan,Weihui,35.4,114.07
Henan,Weishi,34.42,114.18
Henan,Wen,34.93,113.08
Henan,Wenfeng,36.08,114.35
Henan,Western Gong,34.67,112.43
Henan,Wolong,32.98,112.53
Henan,Wuyang,33.43,113.6
Henan,Xiangcheng,33.85,113.48
Henan,Xiayi,34.23,116.13
Henan,Xichuan,33.13,111.48
Henan,Xihua,33.8,114.53
Henan,Xin Cai,32.75,114.98
Henan,Xin'an,34.72,112.15
Henan,Xinhua,33.73,113.3
Henan,Xinmi,34.53,113.38
Henan,Xinxiang,35.25,113.85
Henan,Xinyang,32.13,114.07
Henan,Xinye,32.52,112.35
Henan,Xinzheng,34.4,113.73
Henan,Xiping,33.38,114.02
Henan,Xiuwu,35.23,113.43
Henan,Xixia,33.28,111.48
Henan,Xixian,32.35,114.73
Henan,Xuchang,34.015,113.84
Henan,Xunxi,34.67,112.4
Henan,Yanjin,35.15,114.2
Henan,Yanshi,34.73,112.78
Henan,Ye,33.62,113.35
Henan,Yichuan,34.42,112.42
Henan,Yima,34.75,111.87
Henan,Yindu,36.12,114.3
Henan,Yiyang,34.52,112.17
Henan,Yuanyang,35.05,113.97
Henan,Yucheng,34.4,115.85
Henan,Yuzhou,34.17,113.47
Henan,Zhanhe,33.73,113.28
Henan,Zhengyang,32.6,114.38
Henan,Zhengzhou,34.75,113.62
Henan,Zhenping,33.03,112.23
Henan,Zhongmu,34.72,113.97
Henan,Zhoukou,33.62,114.65
Henan,Zhumadian,32.98,114.02
Henan,Zuming,33.57,114.07
Henan,old Town,34.68,112.47
"Hong Kong, Macao and Taiwan",Changhua,24.08,120.53
"Hong Kong, Macao and Taiwan",Chiayi,23.48,120.43
"Hong Kong, Macao and Taiwan",Hongkong,22.2,114.08
"Hong Kong, Macao and Taiwan",Hsinchu,24.82,120.95
"Hong Kong, Macao and Taiwan",Hualien,23.98,121.6
"Hong Kong, Macao and Taiwan",Kaohsiung,22.625,120.325
"Hong Kong, Macao and Taiwan",Keelung,25.13,121.73
"Hong Kong, Macao and Taiwan",Macao,22.13,113.33
"Hong Kong, Macao and Taiwan",Miaoli,24.53,120.8
"Hong Kong, Macao and Taiwan",Nantou,23.92,120.67
"Hong Kong, Macao and Taiwan",Penghu,23.58,119.58
"Hong Kong, Macao and Taiwan",Pingtung,22.67,120.48
"Hong Kong, Macao and Taiwan",Taichung,24.2,120.695
"Hong Kong, Macao and Taiwan",Tainan,23.16,120.25999999999999
"Hong Kong, Macao and Taiwan",Taipei,25.025,121.485
"Hong Kong, Macao and Taiwan",Taitung,22.75,121.15
"Hong Kong, Macao and Taiwan",Taoyuan,24.97,121.3
"Hong Kong, Macao and Taiwan",Yilan,24.77,121.75
"Hong Kong, Macao and Taiwan",Yunlin,23.72,120.53
Hubei,Anlu,31.27,113.68
Hubei,Badong,31.05,110.33
Hubei,Baokang,31.88,111.25
Hubei,Cai Dian,30.58,114.03
Hubei,Changyang,30.47,111.18
Hubei,Chibi,29.72,113.88
Hubei,Chongyang,29.55,114.03
Hubei,Cities,30.95,113.57
Hubei,Daeye,30.1,114.97
Hubei,Daixi,33,110.42
Hubei,Dangyang,30.82,111.78
Hubei,Danjiangkou,32.55,111.52
Hubei,Dawu,31.57,114.12
Hubei,Dongbao,31.05,112.2
Hubei,East West Lake,30.62,114.13
Hubei,Enshi,30.3,109.47
Hubei,Enshi Tu Family Miao,30.3,109.47
Hubei,Ezhou,30.4,114.88
Hubei,Fancheng,32.03,112.13
Hubei,Guangshui,31.62,113.82
Hubei,Gucheng,32.27,111.65
Hubei,Hanchuan,30.65,113.83
Hubei,Hannan,30.32,114.08
Hubei,Hanyang,30.55,114.27
Hubei,Hefeng,29.9,110.03
Hubei,Hong'an,31.28,114.62
Hubei,Honghu,29.8,113.45
Hubei,Hongshan,30.5,114.33
Hubei,House,32.07,110.73
Hubei,Huanggang,30.45,114.87
Hubei,Huangmei,30.08,115.93
Hubei,Huangpi,30.87,114.37
Hubei,Huangshi,30.1995,115.0389
Hubei,Huangshigang,30.23,115.07
Hubei,Huangzhou,30.43,114.88
Hubei,Huarong,30.53,114.73
Hubei,Hubei,30.4,114.88
Hubei,Iron mountain,30.2,114.9
Hubei,Jianchi,30.6,109.73
Hubei,Jianghan,30.6,114.27
Hubei,Jiangling,30.03,112.42
Hubei,Jiangxia,30.35,114.32
Hubei,Jianli,29.82,112.88
Hubei,Jiayu,29.98,113.9
Hubei,Jingmen,31.03,112.2
Hubei,Jingshan,31.02,113.1
Hubei,Jingzhou,30.34,112.20500000000001
Hubei,Kukou,30.57,114.27
Hubei,Laifeng,29.52,109.4
Hubei,Landing,30.18,114.97
Hubei,Laoting,30.53,111.42
Hubei,Liangzi Lake,30.08,114.67
Hubei,Lichuan,30.3,108.93
Hubei,Lishui,30.45,115.27
Hubei,Luotian,30.78,115.4
Hubei,Macheng,31.18,115.03
Hubei,Mao Jian,32.6,110.82
Hubei,Martial,29.85,115.55
Hubei,Nanzhang,31.78,111.83
Hubei,Old Hekou,32.38,111.67
Hubei,Point military,30.7,111.27
Hubei,Public security,30.07,112.23
Hubei,Qianjiang,30.42,112.88
Hubei,Qingshan,30.63,114.38
Hubei,Qixian,32.83,110.82
Hubei,River bank,30.6,114.3
Hubei,Sand,30.32,112.25
Hubei,Scalp,30.98,112.2
Hubei,Shayang,30.7,112.58
Hubei,Shennongjia,31.7445,110.676
Hubei,Shennongjia Forest,31.75,110.67
Hubei,Shishou,29.73,112.4
Hubei,Shiyan,32.65,110.78
Hubei,Sisai Mountains,30.2,115.12
Hubei,Songzi,30.18,111.77
Hubei,Suitable,31.72,112.25
Hubei,Suizhou,31.72,113.37
Hubei,Tianmen,30.67,113.17
Hubei,Tongcheng,29.25,113.82
Hubei,Tongshan,29.6,114.52
Hubei,Tuanfeng,30.63,114.87
Hubei,Wuchang,30.57,114.3
Hubei,Wufeng,30.2,110.67
Hubei,Wuhan,30.6,114.3
Hubei,Wujiagang,30.65,111.35
Hubei,Xian Tao,30.37,113.45
Hubei,Xian'an,29.87,114.3
Hubei,Xianfeng,29.68,109.15
Hubei,Xiangcheng,32.02,112.15
Hubei,Xiangfan,32.02,112.15
Hubei,Xiangyang,32.08,112.2
Hubei,Xianning,29.85,114.32
Hubei,Xiantao,30.3625,113.4545
Hubei,Xiaochang,31.25,113.97
Hubei,Xiaogan,30.93,113.92
Hubei,Xiaonan,30.92,113.92
Hubei,Xiling,30.7,111.27
Hubei,Xingshan,31.35,110.75
Hubei,Xinzhou,30.85,114.8
Hubei,Xuan En,29.98,109.48
Hubei,Xunchun,30.23,115.43
Hubei,Yangxin,29.85,115.2
Hubei,Yellowstone,30.2,115.03
Hubei,Yichang,30.7,111.28
Hubei,Yidu,30.4,111.45
Hubei,Yigui,30.83,110.98
Hubei,Yiling,30.77,111.32
Hubei,Yingshan,30.75,115.67
Hubei,Yuan'an,31.07,111.63
Hubei,Yunmeng,31.02,113.75
Hubei,Zaoyang,32.13,112.75
Hubei,Zengdu,31.72,113.37
Hubei,Zhangwan,32.65,110.78
Hubei,Zhijiang,30.43,111.77
Hubei,Zhongxiang,31.17,112.58
Hubei,Zhushan,32.23,110.23
Hubei,Zhuxi,32.32,109.72
Hunan,Anhua,28.38,111.22
Hunan,Anren,26.7,113.27
Hunan,Anxiang,29.42,112.17
Hunan,Baojing,28.72,109.65
Hunan,Beihu,25.8,113.02
Hunan,Chaling,26.8,113.53
Hunan,Changde,29.05,111.68
Hunan,Changning,26.42,112.38
Hunan,Changsha,28.240000000000002,113
Hunan,Channel,26.17,109.78
Hunan,Chengbu Miao,26.37,110.32
Hunan,Chenxi,28,110.18
Hunan,Chenzhou,25.7706,113.0148
Hunan,Chinese,27.4,109.93
Hunan,Cili,29.42,111.12
Hunan,Cold water beach,26.43,111.6
Hunan,Cricket,27.55,109.95
Hunan,Daoxian,25.53,111.58
Hunan,Daxiang,27.23,111.45
Hunan,Dingcheng,29.02,111.68
Hunan,Dong'an,26.4,111.28
Hunan,Dongkou,27.05,110.57
Hunan,Dual -card,25.97,111.65
Hunan,Fuling,28.47,110.38
Hunan,Guidong,26.08,113.93
Hunan,Guiyang,25.73,112.73
Hunan,Guzhang,28.62,109.95
Hunan,Hanshou,28.9,111.97
Hunan,Hengdong,27.08,112.95
Hunan,Hengnan,26.73,112.67
Hunan,Hengshan,27.23,112.87
Hunan,Hengyang,26.935,112.47
Hunan,Heshan,28.6,112.37
Hunan,Hibiscus,28.18,113.03
Hunan,Hongjiang,27.2,109.82
Hunan,Huaihua,27.57,110
Hunan,Huarong,29.52,112.57
Hunan,Huayuan,28.58,109.48
Hunan,Hunan,28.1142,112.9833
Hunan,Jiahe,25.58,112.37
Hunan,Jianghua Yao,25.18,111.58
Hunan,Jiangyong,25.28,111.33
Hunan,Jingzhou,26.58,109.68
Hunan,Jishou,28.32,109.73
Hunan,Junshan,29.43,113
Hunan,Kaifu,28.25,112.98
Hunan,La Luo,28.8,113.08
Hunan,Lan Mountain,25.37,112.18
Hunan,Lengshuijiang,27.68,111.43
Hunan,Lianyuan,27.7,111.67
Hunan,Liling,27.67,113.48
Hunan,Linwu,25.28,112.55
Hunan,Linxiang,29.48,113.47
Hunan,Linyi,29.45,111.65
Hunan,Liuyang,28.15,113.63
Hunan,Longhui,27.12,111.03
Hunan,Longshan,29.47,109.43
Hunan,Lotus pond,27.87,113.17
Hunan,Loudi,27.73,112
Hunan,Louxing,27.73,112
Hunan,Lujing,27.83,113.15
Hunan,Luxi,28.22,110.22
Hunan,Luzhou,25.78,113.02
Hunan,Mayang Miao,27.87,109.8
Hunan,Nanxian,29.38,112.4
Hunan,Nanyue,27.25,112.73
Hunan,Ningxiang,28.25,112.55
Hunan,Ningyuan,25.6,111.93
Hunan,North Tower,27.25,111.45
Hunan,Phoenix,27.95,109.6
Hunan,Pingjiang,28.72,113.58
Hunan,Puyang,26.42,112.85
Hunan,Qidong,26.78,112.12
Hunan,Qijiang,28.15,111.03
Hunan,Qixian,29.63,111.75
Hunan,Qiyang,26.58,111.85
Hunan,Rucheng,25.55,113.68
Hunan,Sangzhi,29.4,110.15
Hunan,Shaodong,27.25,111.75
Hunan,Shaoshan,27.93,112.52
Hunan,Shaoyang,27.125,111.37
Hunan,Shifeng,27.87,113.1
Hunan,Shimen,29.58,111.38
Hunan,Shuangfeng,27.45,112.2
Hunan,Shuangqing,27.23,111.47
Hunan,Steaming,26.9,112.6
Hunan,Stone drum,26.9,112.6
Hunan,Suining,26.58,110.15
Hunan,Suxian,25.8,113.03
Hunan,Taojiang,28.53,112.12
Hunan,Taoyuan,28.9,111.48
Hunan,Tianjin,29.62,111.88
Hunan,Tianxin,28.12,112.98
Hunan,Tianyuan,27.83,113.12
Hunan,Together with the,26.87,109.72
Hunan,Wangcheng,28.37,112.82
Hunan,Wugang,26.73,110.63
Hunan,Wuling,29.03,111.68
Hunan,Wulingyuan,29.35,110.53
Hunan,Xiangtan,27.805,112.94
Hunan,Xiangxi,28.3117,109.7389
Hunan,Xiangxi Miao,28.32,109.73
Hunan,Xiangxiang,27.73,112.53
Hunan,Xiangyin,28.68,112.88
Hunan,Xin Shao,27.32,111.45
Hunan,Xinhua,27.75,111.3
Hunan,Xinhuang Dong,27.37,109.17
Hunan,Xinning,26.43,110.85
Hunan,Xintian,25.92,112.22
Hunan,Xupu,27.92,110.58
Hunan,Yanfeng,26.88,112.6
Hunan,Yanling,26.48,113.77
Hunan,Yiyang,28.6,112.32
Hunan,Yizhang,25.4,112.95
Hunan,Yongding,29.13,110.48
Hunan,Yongshun,29,109.85
Hunan,Yongxing,26.13,113.1
Hunan,Yongzhou,26.43,111.62
Hunan,You,27,113.33
Hunan,Yuelu,28.23,112.93
Hunan,Yuetang,27.87,112.95
Hunan,Yueyang,29.259999999999998,113.12
Hunan,Yueyang Building,29.37,113.1
Hunan,Yuhu,27.87,112.9
Hunan,Yuhua,28.13,113.03
Hunan,Yunxi,29.47,113.3
Hunan,Zhangjiajie,29.13,110.47
Hunan,Zhuhui,26.9,112.62
Hunan,Zhuzhou,27.775,113.13
Hunan,Zixing,25.98,113.23
Hunan,Ziyang,28.6,112.32
Inner Mongolia,Aboba Banner,44.02,114.97
Inner Mongolia,Alashan Right Banner,39.2,101.68
Inner Mongolia,Alishan,47.18,119.93
Inner Mongolia,Alxa,38.83,105.67
Inner Mongolia,Alxa Zuoqi,38.83,105.67
Inner Mongolia,Aohan Banner,42.28,119.9
Inner Mongolia,Arong Banner,48.13,123.47
Inner Mongolia,Arukorqin Banner,43.88,120.08
Inner Mongolia,Balin Zuoqi,43.98,119.38
Inner Mongolia,Baotou,40.65,109.83
Inner Mongolia,Barin Right Banner,43.52,118.67
Inner Mongolia,Bayannur,40.75,107.42
Inner Mongolia,Chahar's right -wing back flag,41.45,113.18
Inner Mongolia,Chahar's right wing front flag,40.78,113.22
Inner Mongolia,Chahar's right wing middle flag,41.27,112.63
Inner Mongolia,Chen Balhu Banner,49.32,119.43
Inner Mongolia,Chifeng,42.27,118.92
Inner Mongolia,Corin,43.62,122.27
Inner Mongolia,Dalat Banner,40.4,110.03
Inner Mongolia,Darhamima Mingan Union Flag,41.7,110.43
Inner Mongolia,Donghe,40.58,110.02
Inner Mongolia,Dongsheng,39.82,110
Inner Mongolia,Dongwu Mount,45.52,116.97
Inner Mongolia,Duolun,42.18,116.47
Inner Mongolia,Ejin Banner,41.97,101.07
Inner Mongolia,Erguna,50.23,120.18
Inner Mongolia,Erlianhot,43.65,111.98
Inner Mongolia,Ewenki Autonomous Banner,49.13,119.75
Inner Mongolia,Fengzhen,40.43,113.15
Inner Mongolia,Four Son King Banner,41.52,111.7
Inner Mongolia,Genhe,50.78,121.52
Inner Mongolia,Guyang,41.03,110.05
Inner Mongolia,Hai Bay Bay,39.7,106.83
Inner Mongolia,Hailar,49.22,119.77
Inner Mongolia,Hainan,39.43,106.88
Inner Mongolia,Hangjin Houqi Banner,40.88,107.15
Inner Mongolia,Hangzhou Jinqi,39.83,108.72
Inner Mongolia,Helinle,40.38,111.82
Inner Mongolia,Hinggan,46.0821,122.0382
Inner Mongolia,Hohhot,40.83,111.73
Inner Mongolia,Hongshan,42.28,118.97
Inner Mongolia,Hua De,41.9,114
Inner Mongolia,Hulun Beir,49.2116,119.7658
Inner Mongolia,Hulunbeir,49.22,119.77
Inner Mongolia,Huolin Guole,45.53,119.65
Inner Mongolia,Ikinhlo Banner,39.57,109.73
Inner Mongolia,Inner Mongolia,40.8173,111.7652
Inner Mongolia,Jining,41.03,113.1
Inner Mongolia,Jiutihara,40.6,109.97
Inner Mongolia,Jun Ge Ban,39.87,111.23
Inner Mongolia,Kailu,43.6,121.3
Inner Mongolia,Karaqinqi,41.93,118.7
Inner Mongolia,Kashkteng Banner,43.25,117.53
Inner Mongolia,Korqin's left wing Zhongqi,44.13,123.32
Inner Mongolia,Korqin's left wing back flag,42.95,122.35
Inner Mongolia,Korqin's right -wing Banner,45.05,121.47
Inner Mongolia,Korqin's right front flag,46.07,121.92
Inner Mongolia,Kukeshi,49.28,120.73
Inner Mongolia,Kundulun,40.63,109.83
Inner Mongolia,Kuron Banner,42.73,121.77
Inner Mongolia,Liangcheng,40.53,112.48
Inner Mongolia,Linhe,40.75,107.4
Inner Mongolia,Linxi,43.6,118.05
Inner Mongolia,Manzhouli,49.58,117.45
Inner Mongolia,Mosaic,42.23,113.83
Inner Mongolia,Naiman Banner,42.85,120.65
Inner Mongolia,New Balhu Zuoqi,48.22,118.27
Inner Mongolia,New Barcoro Right Banner,48.67,116.82
Inner Mongolia,New town,40.87,111.65
Inner Mongolia,Ningcheng,41.6,119.33
Inner Mongolia,Olun Autonomous Banner,50.58,123.72
Inner Mongolia,Ordos,39.62,109.8
Inner Mongolia,Ortoch Banner,39.1,107.98
Inner Mongolia,Ortokqian flag,38.18,107.48
Inner Mongolia,Positive white flag,42.3,115
Inner Mongolia,Qingshan,40.65,109.9
Inner Mongolia,Qingshuihe,39.92,111.68
Inner Mongolia,Return to the people,40.8,111.6
Inner Mongolia,SaiHan,40.8,111.68
Inner Mongolia,Shangdu,41.55,113.53
Inner Mongolia,Shiguang,40.68,110.27
Inner Mongolia,Silinhot,43.93,116.07
Inner Mongolia,Songshan,42.28,118.92
Inner Mongolia,Sonit Right Banner,42.75,112.65
Inner Mongolia,Sonit Zuoqi,43.85,113.63
Inner Mongolia,Taipi Temple Banner,41.9,115.28
Inner Mongolia,Takaya Banner,46.73,122.9
Inner Mongolia,Takou,40.33,107.02
Inner Mongolia,Taro Spring,45.38,121.57
Inner Mongolia,Tongliao,43.62,122.27
Inner Mongolia,Toto,40.27,111.18
Inner Mongolia,Turkom Right Banner,40.57,110.52
Inner Mongolia,Turkom Zuoqi,40.72,111.13
Inner Mongolia,Ukraine Banner,38.6,108.85
Inner Mongolia,Ulanhot,46.08,122.05
Inner Mongolia,Ulanqab,40.98,113.12
Inner Mongolia,Ulatzaka Banner,41.57,108.52
Inner Mongolia,Urart Qianqi Banner,40.72,108.65
Inner Mongolia,Urater Houqi Banner,41.1,107.07
Inner Mongolia,Weng Niuteqi,42.93,119.02
Inner Mongolia,West Wusumin Banner,44.58,117.6
Inner Mongolia,Wuchuan,41.08,111.45
Inner Mongolia,Wuda,39.5,106.7
Inner Mongolia,Wuhai,39.67,106.82
Inner Mongolia,Wuyuan,41.1,108.27
Inner Mongolia,Xilin Gol,43.95,116.07
Inner Mongolia,Xing'an,46.08,122.05
Inner Mongolia,Xinghe,40.88,113.88
Inner Mongolia,Yuanbao Mountain,42.03,119.28
Inner Mongolia,Yuquan,40.75,111.67
Inner Mongolia,Zarut Banner,44.55,120.92
Inner Mongolia,Zhalantun,47.98,122.75
Inner Mongolia,Zhenglan Banner,42.25,116
Inner Mongolia,Zhuozi,40.9,112.57
Jiangsu,Baixia,32.03,118.78
Jiangsu,Baoying,33.23,119.3
Jiangsu,Beitang,31.58,120.28
Jiangsu,Binhai,33.98,119.83
Jiangsu,Canglang,31.3,120.63
Jiangsu,Changshu,31.65,120.75
Jiangsu,Changzhou,31.78,119.95
Jiangsu,Chong'an,31.58,120.3
Jiangsu,Chongchuan,32,120.85
Jiangsu,Chuzhou,33.5,119.13
Jiangsu,Clock,31.78,119.93
Jiangsu,Cosmetic,33.97,118.25
Jiangsu,Dafeng,33.2,120.47
Jiangsu,Danfu,32.13,119.45
Jiangsu,Danyang,32,119.57
Jiangsu,Dazhou,34.32,117.95
Jiangsu,Donghai,34.53,118.77
Jiangsu,Dongtai,32.85,120.3
Jiangsu,Fengxian,34.7,116.6
Jiangsu,Funing,33.78,119.8
Jiangsu,Gansu,34.83,119.12
Jiangsu,Gaochun,31.33,118.88
Jiangsu,Guangling,32.38,119.43
Jiangsu,Guannan,34.08,119.35
Jiangsu,Guanyun,34.3,119.25
Jiangsu,Gulou,33.175,117.975
Jiangsu,Hai'an,32.55,120.45
Jiangsu,Haizhou,34.57,119.12
Jiangsu,High postal market,32.78,119.43
Jiangsu,Hongze,33.3,118.83
Jiangsu,Huai'an,33.5511,119.1132
Jiangsu,Huaian,33.62,119.02
Jiangsu,Huaiyin,33.63,119.03
Jiangsu,Huishan,31.68,120.28
Jiangsu,Huqiu,31.3,120.57
Jiangsu,Jiangdu,32.43,119.55
Jiangsu,Jiangning,31.95,118.85
Jiangsu,Jiangsu,32.0607,118.763
Jiangsu,Jiangyan,32.52,120.15
Jiangsu,Jiangyin,31.9,120.27
Jiangsu,Jianhu,33.47,119.8
Jiangsu,Jianye,32.03,118.75
Jiangsu,Jiawang,34.45,117.45
Jiangsu,Jingjiang,32.02,120.27
Jiangsu,Jinhu,33.02,119.02
Jiangsu,Jintan,31.75,119.57
Jiangsu,Jinyu,31.32,120.6
Jiangsu,Jiuli,34.3,117.13
Jiangsu,Jurong,31.95,119.17
Jiangsu,Kunshan,31.38,120.98
Jiangsu,Kyokou,32.2,119.47
Jiangsu,Lake,31.57,120.27
Jiangsu,Lianshui,33.78,119.27
Jiangsu,Lianyun,34.75,119.37
Jiangsu,Lianyungang,34.6,119.22
Jiangsu,Lishui,31.65,119.02
Jiangsu,Liuhe,32.35,118.83
Jiangsu,Nanchang,31.57,120.3
Jiangsu,Nanjing,32.07,118.78
Jiangsu,Nantong,31.98,120.88
Jiangsu,Ninpo,34.6,119.17
Jiangsu,Pei,34.73,116.93
Jiangsu,Phase,31.37,120.63
Jiangsu,Pingjiang,31.32,120.63
Jiangsu,Port,32.03,120.8
Jiangsu,Pukou,32.05,118.62
Jiangsu,Puyang,32.775000000000006,119.125
Jiangsu,Qidong,31.82,121.65
Jiangsu,Qinghe,33.6,119.02
Jiangsu,Qingpu,33.58,119.03
Jiangsu,Qinhuai,32.02,118.8
Jiangsu,Qiushiyan,31.73,120.05
Jiangsu,Qixia,32.12,118.88
Jiangsu,Qixian,33,118.48
Jiangsu,Quanshan,34.25,117.18
Jiangsu,Rudong,32.32,121.18
Jiangsu,Rugao,32.4,120.57
Jiangsu,Runzhou,32.2,119.4
Jiangsu,Salt,33.35,120.15
Jiangsu,Sea gate,31.9,121.17
Jiangsu,Sheyang,33.78,120.25
Jiangsu,Sihong,33.47,118.22
Jiangsu,Siyang,33.72,118.68
Jiangsu,Suining,33.9,117.95
Jiangsu,Suqian,33.97,118.28
Jiangsu,Suyu,33.95,118.32
Jiangsu,Suzhou,31.3,120.58
Jiangsu,Taicang,31.45,121.1
Jiangsu,Taixing,32.17,120.02
Jiangsu,Taizhou,32.45,119.92
Jiangsu,Tianning,31.75,119.93
Jiangsu,Tinghu,33.4,120.13
Jiangsu,Tongshan,34.18,117.17
Jiangsu,Tongzhou,32.08,121.07
Jiangsu,Victoria,32.42,119.4
Jiangsu,Wujiang,31.17,120.63
Jiangsu,Wujin,31.72,119.93
Jiangsu,Wuxi,31.57,120.3
Jiangsu,Wuzhong,31.27,120.63
Jiangsu,Xiaguan,32.08,118.73
Jiangsu,Xiangshui,34.2,119.57
Jiangsu,Xinbei,31.83,119.97
Jiangsu,Xinghua,32.92,119.85
Jiangsu,Xinyi,34.38,118.35
Jiangsu,Xishan,31.6,120.35
Jiangsu,Xuanwu,32.05,118.8
Jiangsu,Xuzhou,34.27,117.18
Jiangsu,Yancheng,33.3495,120.1616
Jiangsu,Yangzhong,32.23,119.82
Jiangsu,Yangzhou,32.4,119.4
Jiangsu,Yantu,33.33,120.15
Jiangsu,Yijiang,32.38,119.4
Jiangsu,Yixing,31.35,119.82
Jiangsu,Yizheng,32.27,119.18
Jiangsu,Yuhuatai,32,118.77
Jiangsu,Yunlong,34.25,117.22
Jiangsu,Zhangjiagang,31.87,120.55
Jiangsu,Zhenjiang,32.2,119.45
Jiangxi,Abundant,28.2,115.78
Jiangxi,All over the south,24.75,114.52
Jiangxi,Anfu,27.38,114.62
Jiangxi,Anyi,28.85,115.55
Jiangxi,Anyuan,26.39,114.625
Jiangxi,Bayi,28.72,115.73
Jiangxi,Camphor,28.07,115.53
Jiangxi,Changjiang,29.27,117.17
Jiangxi,Chongren,27.77,116.05
Jiangxi,Chongyi,25.7,114.3
Jiangxi,Dabu,25.4,114.35
Jiangxi,De'an,29.33,115.77
Jiangxi,Dexing,28.95,117.57
Jiangxi,Dingnan,24.78,115.03
Jiangxi,Division,27.82,114.67
Jiangxi,Donghu,28.68,115.9
Jiangxi,Dongxiang,28.23,116.62
Jiangxi,Duchang,29.27,116.18
Jiangxi,Fengxin,28.7,115.38
Jiangxi,Fu Liang,29.37,117.25
Jiangxi,Fuzhou,28,116.35
Jiangxi,Ga'an,28.42,115.37
Jiangxi,Ganzhou,25.83,114.93
Jiangxi,Guangchang,26.83,116.32
Jiangxi,Guangfeng,28.43,118.18
Jiangxi,Guixi,28.28,117.22
Jiangxi,Hengfeng,28.42,117.6
Jiangxi,Huichang,25.6,115.78
Jiangxi,Hukou,29.73,116.22
Jiangxi,Ji'an,27.085,114.94
Jiangxi,Jiangxi,25.87,115
Jiangxi,Jing'an,28.87,115.35
Jiangxi,Jingdezhen,29.27,117.17
Jiangxi,Jinggangshan,26.72,114.27
Jiangxi,Jinxi,27.92,116.77
Jiangxi,Jinxian,28.37,116.27
Jiangxi,Jishui,27.22,115.13
Jiangxi,Jiujiang,29.66,115.94
Jiangxi,Jizhou,27.12,114.98
Jiangxi,Le'an,27.43,115.83
Jiangxi,Lead mountain,28.32,117.7
Jiangxi,Leping,28.97,117.12
Jiangxi,Lianhua,27.13,113.95
Jiangxi,Lichuan,27.3,116.92
Jiangxi,Linchuan,27.98,116.35
Jiangxi,Longnan,24.92,114.78
Jiangxi,Lushan,29.68,115.98
Jiangxi,Luxi,27.63,114.03
Jiangxi,Moon Lake,28.23,117.05
Jiangxi,Nanchang,28.615000000000002,115.89
Jiangxi,Nancheng,27.55,116.63
Jiangxi,Nanfeng,27.22,116.53
Jiangxi,Nangang,25.65,114.75
Jiangxi,New,28.7,115.82
Jiangxi,Ningdu,26.48,116.02
Jiangxi,Pengze,29.9,116.55
Jiangxi,Pingxiang,27.63,113.85
Jiangxi,Poyang,29,116.67
Jiangxi,Puyang,28.4,117.43
Jiangxi,Qingshan Lake,28.68,115.95
Jiangxi,Qingyuan,27.1,115
Jiangxi,Qingyun spectrum,28.63,115.92
Jiangxi,Ruichang,29.68,115.67
Jiangxi,Ruijin,25.88,116.03
Jiangxi,Shanggao,28.23,114.92
Jiangxi,Shangli,27.88,113.8
Jiangxi,Shangrao,28.439999999999998,117.945
Jiangxi,Shangshang,25.8,114.53
Jiangxi,Shicheng,26.33,116.33
Jiangxi,Suichuan,26.33,114.52
Jiangxi,Taihe,26.8,114.88
Jiangxi,Tonggu,28.53,114.37
Jiangxi,Wan'an,26.47,114.78
Jiangxi,Wannian,28.7,117.07
Jiangxi,Wanzai,28.12,114.43
Jiangxi,West Lake,28.67,115.87
Jiangxi,Wuning,29.27,115.1
Jiangxi,Wuyuan,29.25,117.85
Jiangxi,Xiangdong,27.65,113.73
Jiangxi,Xiangjiang,27.62,115.33
Jiangxi,Xinfeng,25.38,114.93
Jiangxi,Xingan,27.77,115.4
Jiangxi,Xingguo,26.33,115.35
Jiangxi,Xingzi,29.45,116.03
Jiangxi,Xinyu,27.82,114.92
Jiangxi,Xinzhou,28.43,117.95
Jiangxi,Xiushui,29.03,114.57
Jiangxi,Xunwu,24.95,115.65
Jiangxi,Xunyang,29.73,115.98
Jiangxi,Yichun,27.8,114.38
Jiangxi,Yifeng,28.38,114.78
Jiangxi,Yihuang,27.55,116.22
Jiangxi,Yingtan,28.27,117.07
Jiangxi,Yongfeng,27.32,115.43
Jiangxi,Yongxin,26.95,114.23
Jiangxi,Yongxiu,29.03,115.8
Jiangxi,Yuanzhou,27.8,114.38
Jiangxi,Yudu,25.95,115.42
Jiangxi,Yujiang,28.2,116.82
Jiangxi,Yuqian,28.7,116.68
Jiangxi,Yushan,28.68,118.25
Jiangxi,Yushui,27.8,114.93
Jiangxi,Zhang tribute,25.87,114.93
Jiangxi,Zhu Shan,29.3,117.2
Jiangxi,Zixi,27.7,117.07
Jilin,Antu,43.12,128.9
Jilin,Badaojiang,41.93,126.4
Jilin,Baicheng,45.6196,122.8387
Jilin,Baishan,41.93,126.42
Jilin,Camping,43.83,126.53
Jilin,Changbai,41.42,128.2
Jilin,Changchun,43.9,125.32
Jilin,Changling,44.28,123.98
Jilin,Changyi,43.88,126.57
Jilin,Chaoyang,43.83,125.28
Jilin,Chart,42.97,129.83
Jilin,Daan,45.5,124.28
Jilin,Daibei,45.62,122.85
Jilin,Dannan,45.33,122.78
Jilin,Dehui,44.53,125.7
Jilin,Dongchang,41.73,125.95
Jilin,Dongfeng,42.68,125.53
Jilin,Dongliao,42.92,125
Jilin,Dunhua,43.37,128.23
Jilin,East,43.17,124.38
Jilin,Erdaojiang,41.77,126.03
Jilin,Full,43.82,126.57
Jilin,Fusong,42.33,127.28
Jilin,Fuyu,44.98,126.02
Jilin,Gongsingling,43.5,124.82
Jilin,Green park,43.88,125.25
Jilin,Helong,42.53,129
Jilin,Huadian,42.97,126.73
Jilin,Huinan,42.68,126.03
Jilin,Ji'an,41.12,126.18
Jilin,Jilin,43.83,126.55
Jilin,Jingyu,42.4,126.8
Jilin,Jiu Tai,44.15,125.83
Jilin,Liaoyuan,42.88,125.13
Jilin,Linjiang,41.8,126.9
Jilin,Lishu,43.32,124.33
Jilin,Liuhe,42.28,125.73
Jilin,Longjing,42.77,129.42
Jilin,Longshan,42.9,125.12
Jilin,Longtan,43.92,126.57
Jilin,Luohe,43.72,127.33
Jilin,Meihekou,42.53,125.68
Jilin,Nanguan,43.87,125.33
Jilin,Ningjiang,45.17,124.8
Jilin,Nong'an,44.43,125.18
Jilin,Qian'an,45.02,124.02
Jilin,Rock,42.95,126.05
Jilin,Second -road,43.87,125.37
Jilin,Shuangliao,43.52,123.5
Jilin,Shuangyang,43.52,125.67
Jilin,Shulan,44.42,126.95
Jilin,Siping,43.17,124.35
Jilin,Songyuan,45.13,124.82
Jilin,Tiexi,43.15,124.35
Jilin,Tonghua,41.705,125.84
Jilin,Tongyu,44.82,123.08
Jilin,Wang Qing,43.32,129.75
Jilin,White,45.62,122.83
Jilin,Wide,43.92,125.32
Jilin,Xi'an,42.92,125.15
Jilin,Xunchun,42.87,130.37
Jilin,Yanbian,42.88,129.5
Jilin,Yanji,42.88,129.5
Jilin,Yitong Manchu,43.35,125.3
Jilin,Yongji,43.67,126.5
Jilin,Yushu,44.82,126.55
Jilin,Zhenyi,45.85,123.2
Liaoning,Ancient tower,41.13,121.12
Liaoning,Anshan,41.1,122.98
Liaoning,Bayu circle,40.27,122.12
Liaoning,Benxi,41.3,123.77
Liaoning,Benxi Manchu,41.3,124.12
Liaoning,Changhai,39.27,122.58
Liaoning,Changtu,42.78,124.1
Liaoning,Chaoyang,41.575,120.46000000000001
Liaoning,City,40.62,120.72
Liaoning,Dalian,38.92,121.62
Liaoning,Dandong,40.13,124.38
Liaoning,Dashiqiao,40.65,122.5
Liaoning,Dawa,40.98,122.07
Liaoning,Donggang,39.87,124.15
Liaoning,Dongling,41.77,123.47
Liaoning,Dongzhou,41.85,124.02
Liaoning,Double,41.2,122.05
Liaoning,Double tower,41.57,120.45
Liaoning,East,41.1,122.98
Liaoning,Emperor,41.82,123.42
Liaoning,Faku,42.5,123.4
Liaoning,Fushun,41.88,123.94
Liaoning,Fuxin,42.045,121.71000000000001
Liaoning,Gaizhou,40.4,122.35
Liaoning,Ganjingzi,38.95,121.57
Liaoning,Gong Changling,41.13,123.45
Liaoning,Great East,41.8,123.47
Liaoning,Haizhou,42.02,121.65
Liaoning,Heishan,41.7,122.12
Liaoning,Heping,41.78,123.4
Liaoning,Hongwei,41.2,123.2
Liaoning,Huanren Manchu,41.27,125.35
Liaoning,Huludao,40.72,120.83
Liaoning,Jianchang,40.82,119.8
Liaoning,Jianping,41.4,119.63
Liaoning,Jinzhou,40.1,121.41499999999999
Liaoning,Kaiyuan,42.55,124.03
Liaoning,Kangping,42.75,123.35
Liaoning,Kuandian Manchu,40.73,124.78
Liaoning,Liaoning,41.8357,123.4292
Liaoning,Liaoyang,41.245000000000005,123.12
Liaoning,Liaozhong,41.52,122.72
Liaoning,Lighthouse,41.42,123.33
Liaoning,Linghai,41.17,121.35
Liaoning,Linghe,41.12,121.15
Liaoning,Lingyuan,41.25,119.4
Liaoning,Lishan,41.15,123
Liaoning,Longcheng,41.6,120.43
Liaoning,Longgang,40.72,120.93
Liaoning,Lushunkou,38.82,121.27
Liaoning,Mingshan,41.3,123.82
Liaoning,Mountainous,40.77,120.87
Liaoning,Nanfen,41.1,123.73
Liaoning,New warehouse,41.87,123.88
Liaoning,North Ticket,41.8,120.77
Liaoning,Old border,40.67,122.37
Liaoning,Panjin,41.12,122.07
Liaoning,Panshan,41.25,122.02
Liaoning,Phoenix,40.45,124.07
Liaoning,Pingshan,41.3,123.77
Liaoning,Prince River,41.25,123.18
Liaoning,Pulandian,39.4,121.95
Liaoning,Qianshan,41.07,122.97
Liaoning,Qinghe,42.53,124.15
Liaoning,Qinghemen,41.75,121.42
Liaoning,Qingyuan Manchu,42.1,124.92
Liaoning,Revitalize,40.08,124.35
Liaoning,Righteous,41.53,121.23
Liaoning,Sea,40.88,122.7
Liaoning,Shahekou,38.9,121.58
Liaoning,Shenhe,41.8,123.45
Liaoning,Shenyang,41.8,123.43
Liaoning,Shuncheng,41.88,123.93
Liaoning,Southern ticket,41.1,120.75
Liaoning,Station,40.68,122.27
Liaoning,Suizhong,40.32,120.33
Liaoning,Sujiatun,41.67,123.33
Liaoning,Tai'an,41.38,122.42
Liaoning,Taihe,41.1,121.1
Liaoning,Taiping,42.02,121.67
Liaoning,Tieling,42.29,123.83
Liaoning,Tiexi,41.459999999999994,123.15
Liaoning,Tune Mountain,42.47,123.55
Liaoning,Wafangdian,39.62,122
Liaoning,Wanghua,41.85,123.78
Liaoning,Wen Sheng,41.27,123.18
Liaoning,West,40.67,122.22
Liaoning,White tower,41.27,123.17
Liaoning,Xifeng,42.73,124.72
Liaoning,Xigang,38.92,121.6
Liaoning,Xihu,41.33,123.77
Liaoning,Xinbin Manchu,41.73,125.03
Liaoning,Xinchengzi,42.05,123.52
Liaoning,Xinglongtai,41.12,122.07
Liaoning,Xinmin,42,122.82
Liaoning,Xiuyan Manchu,40.28,123.28
Liaoning,Xixia,42.03,121.68
Liaoning,Yingkou,40.67,122.23
Liaoning,Yinzhou,42.28,123.85
Liaoning,Yuanbao,40.13,124.38
Liaoning,Yuhong,41.78,123.3
Liaoning,Zhangwu,42.38,122.53
Liaoning,Zhen'an,40.17,124.42
Liaoning,Zhongshan,38.92,121.63
Liaoning,Zhuanghe,39.7,122.98
MANUAL INPUT BELOW,MANUAL INPUT BELOW,NA,NA
Ningxia,Bronze Gorge,38.02,106.07
Ningxia,Dawukou,39.02,106.38
Ningxia,Guyuan,36,106.28
Ningxia,Haiyuan,36.57,105.65
Ningxia,Helan,38.55,106.35
Ningxia,Huinong,39.25,106.78
Ningxia,Jinfeng,38.47,106.25
Ningxia,Lingwu,38.1,106.33
Ningxia,Litong,37.98,106.2
Ningxia,Longde,35.62,106.12
Ningxia,Ningxia,38.4712,106.2587
Ningxia,Original state,36,106.28
Ningxia,Pengyang,35.85,106.63
Ningxia,Pingluo,38.9,106.53
Ningxia,Puyuan,35.48,106.33
Ningxia,Shapotou,37.52,105.18
Ningxia,Shizuishan,39.02,106.38
Ningxia,Tongxin,36.98,105.92
Ningxia,Wuzhong,37.98,106.2
Ningxia,Xiji,35.97,105.73
Ningxia,Xingqing,38.48,106.28
Ningxia,Xixia,38.48,106.18
Ningxia,Yanchi,37.78,107.4
Ningxia,Yinchuan,38.47,106.28
Ningxia,Yongning,38.28,106.25
Ningxia,Zhongning,37.48,105.67
Ningxia,Zhongwei,37.52,105.18
Qinghai,Banma,32.93,100.73
Qinghai,Daigi,33.75,99.65
Qinghai,Datong Tuju,36.93,101.68
Qinghai,Delingha,37.37,97.37
Qinghai,District,36.62,101.78
Qinghai,Dulan,36.3,98.08
Qinghai,Duoduo,33.37,97.1
Qinghai,East,36.62,101.8
Qinghai,Gande,33.97,99.9
Qinghai,Gangcha,37.33,100.13
Qinghai,Golog,34.48,100.23
Qinghai,Guide,36.05,101.43
Qinghai,Guinan,35.58,100.75
Qinghai,Gulmud,36.42,94.9
Qinghai,Haibei,36.97,100.9
Qinghai,Haidong,36.5,102.12
Qinghai,Hainan,36.28,100.62
Qinghai,Haixi,37.37,97.37
Qinghai,Haiyan,36.9,100.98
Qinghai,Henan,34.73,101.6
Qinghai,Hua Long,36.1,102.27
Qinghai,Huangnan,35.52,102.02
Qinghai,Koshi,33.43,101.48
Qinghai,Langzhong,36.5,101.57
Qinghai,Ledu,36.48,102.4
Qinghai,Mado,34.92,98.18
Qinghai,Maqin,34.48,100.23
Qinghai,Menyuan,37.38,101.62
Qinghai,Minhe Ethnic Tuju,36.33,102.8
Qinghai,Miscellaneous,32.9,95.3
Qinghai,Mutual Aid Turkic,36.83,101.95
Qinghai,North of the,36.67,101.77
Qinghai,Ping'an,36.5,102.12
Qinghai,Qilian,38.18,100.25
Qinghai,Qinghai,36.6209,101.7801
Qinghai,Qiqian,32.2,96.48
Qinghai,Qu Ma Lai,34.13,95.8
Qinghai,Republican,36.28,100.62
Qinghai,Sinaita Prefecture,35.93,102.03
Qinghai,Tianjun,37.3,99.02
Qinghai,Tongde,35.25,100.57
Qinghai,Tongren,35.52,102.02
Qinghai,Western,36.62,101.77
Qinghai,Wulan,36.93,98.48
Qinghai,Xinghai,35.58,99.98
Qinghai,Xining,36.62,101.78
Qinghai,Xunhua Sarah,35.85,102.48
Qinghai,Yiyuan,36.68,101.27
Qinghai,Yushu,33,97.02
Qinghai,Zeku,35.03,101.47
Qinghai,Zhiduo,33.85,95.62
Shaanxi,Ankang,32.68,109.02
Shaanxi,Ansai,36.87,109.32
Shaanxi,Baihe,32.82,110.1
Shaanxi,Baishui,35.18,109.58
Shaanxi,Baoji,34.37,107.13
Shaanxi,Beilin,34.23,108.93
Shaanxi,Binxian,35.03,108.08
Shaanxi,Chang'an,34.17,108.93
Shaanxi,Changwu,35.2,107.78
Shaanxi,Chencang,34.37,107.37
Shaanxi,Chengcheng,35.18,109.93
Shaanxi,Chenggu,33.15,107.33
Shaanxi,Chinese,34.52,109.77
Shaanxi,Chunhua,34.78,108.58
Shaanxi,Dali,34.8,109.93
Shaanxi,Danfeng,33.7,110.33
Shaanxi,Dingbian,37.58,107.6
Shaanxi,Extended,36.58,110
Shaanxi,Eyebrow,34.28,107.75
Shaanxi,Fengxian,33.92,106.52
Shaanxi,Fengxiang,34.52,107.38
Shaanxi,Ferping,33.53,107.98
Shaanxi,Fufeng,34.37,107.87
Shaanxi,Fugu,39.03,111.07
Shaanxi,Fuping,34.75,109.18
Shaanxi,Ganquan,36.28,109.35
Shaanxi,Gauling,34.53,109.08
Shaanxi,Good,38.02,110.48
Shaanxi,Hanbin,32.68,109.02
Shaanxi,Hantai,33.07,107.03
Shaanxi,Hanyin,32.9,108.5
Shaanxi,Hanzhong,33.07,107.02
Shaanxi,Hengshan,37.95,109.28
Shaanxi,Heyang,35.23,110.15
Shaanxi,Household,34.1,108.6
Shaanxi,Huangling,35.58,109.25
Shaanxi,Huanglong,35.58,109.83
Shaanxi,Huayin,34.57,110.08
Shaanxi,Jingbian,37.6,108.8
Shaanxi,Jintai,34.38,107.13
Shaanxi,Korean,35.48,110.43
Shaanxi,Lanji,32.32,108.9
Shaanxi,Lantian,34.15,109.32
Shaanxi,Lianhu,34.27,108.93
Shaanxi,Lintong,34.37,109.22
Shaanxi,Linwei,34.5,109.48
Shaanxi,Linyou,34.68,107.78
Shaanxi,Liquan,34.48,108.42
Shaanxi,Lishui,33.68,109.1
Shaanxi,Liuba,33.62,106.92
Shaanxi,Longxian,34.9,106.85
Shaanxi,Lueyang,33.33,106.15
Shaanxi,Luochuan,35.77,109.43
Shaanxi,Luonan,34.08,110.13
Shaanxi,Martial arts,34.27,108.2
Shaanxi,Mian,33.15,106.67
Shaanxi,Mizhi,37.75,110.18
Shaanxi,Nanzheng,33,106.93
Shaanxi,New town,34.27,108.95
Shaanxi,Ningqiang,32.83,106.25
Shaanxi,Ningshan,33.32,108.32
Shaanxi,Pagoda,36.6,109.48
Shaanxi,Pingli,32.4,109.35
Shaanxi,Prefecture,33.22,107.55
Shaanxi,Pucheng,34.95,109.58
Shaanxi,Puyang,34.53,108.83
Shaanxi,Qianxian,34.53,108.23
Shaanxi,Qianyang,34.65,107.13
Shaanxi,Qiaoqiao,34.27,109.07
Shaanxi,Qindu,34.35,108.72
Shaanxi,Qingxi,37.08,110.12
Shaanxi,Qishan,34.45,107.62
Shaanxi,Rich,35.98,109.37
Shaanxi,Sanyuan,34.62,108.93
Shaanxi,Seal,35.1,109.1
Shaanxi,Shaanxi,34.2649,108.9542
Shaanxi,Shangluo,33.87,109.93
Shaanxi,Shangnan,33.53,110.88
Shaanxi,Shangzhou,33.87,109.93
Shaanxi,Shanyang,33.53,109.88
Shaanxi,Shenmu,38.83,110.5
Shaanxi,Shiquan,33.05,108.25
Shaanxi,Suide,37.5,110.25
Shaanxi,Taibai,34.07,107.32
Shaanxi,Tongchuan,34.9,108.93
Shaanxi,Tongguan,34.55,110.23
Shaanxi,Wangyi,35.07,109.07
Shaanxi,Weibin,34.37,107.15
Shaanxi,Weicheng,34.33,108.73
Shaanxi,Weinan,34.5,109.5
Shaanxi,Weiyang,34.28,108.93
Shaanxi,Wubao,37.45,110.73
Shaanxi,Xi'an,34.27,108.93
Shaanxi,Xianyang,34.33,108.7
Shaanxi,Xingping,34.3,108.48
Shaanxi,Xixiang,32.98,107.77
Shaanxi,Xunyang,32.83,109.38
Shaanxi,Xunyi,35.12,108.33
Shaanxi,Yan'an,36.6,109.48
Shaanxi,Yanchuan,36.88,110.18
Shaanxi,Yangling,34.28,108.07
Shaanxi,Yanliang,34.65,109.23
Shaanxi,Yanta,34.22,108.95
Shaanxi,Yaozhou,34.92,108.98
Shaanxi,Yichuan,36.05,110.17
Shaanxi,Yijun,35.4,109.12
Shaanxi,Yongshou,34.7,108.13
Shaanxi,Yulin,38.28,109.73
Shaanxi,Yuyang,38.28,109.75
Shaanxi,Zhen'an,33.43,109.15
Shaanxi,Zhenba,32.53,107.9
Shaanxi,Zhenping,31.88,109.52
Shaanxi,Zhidan,36.82,108.77
Shaanxi,Zhouzhi,34.17,108.2
Shaanxi,Zichang,37.13,109.67
Shaanxi,Ziyang,32.52,108.53
Shaanxi,Zizhou,37.62,110.03
Shandong,Anqiu,36.43,119.2
Shandong,Binzhou,37.38,117.97
Shandong,Boshan,36.5,117.85
Shandong,Boxing,37.15,118.13
Shandong,Calendar,36.68,117.07
Shandong,Cangshan,34.85,118.05
Shandong,Cao,34.83,115.53
Shandong,Central,35.64,117.05
Shandong,Changdao,37.92,120.73
Shandong,Changle,36.7,118.82
Shandong,Changqing,36.55,116.73
Shandong,Changyi,36.87,119.4
Shandong,Chat cities,36.45,115.98
Shandong,Chengwu,34.95,115.88
Shandong,Chengyang,36.3,120.37
Shandong,Cities,35.71,117.99000000000001
Shandong,Coastal,37.38,118
Shandong,Daiyue,36.18,117
Shandong,Dezhou,37.4355,116.3593
Shandong,Dingtao,35.07,115.57
Shandong,Donga,36.33,116.25
Shandong,Dongchangfu,36.45,115.98
Shandong,Donggang,35.42,119.45
Shandong,Dongming,35.28,115.08
Shandong,Dongping,35.93,116.47
Shandong,Dongying,37.45,118.58500000000001
Shandong,Estuary,37.88,118.53
Shandong,Fangzi,36.67,119.17
Shandong,Fat,36.18,116.77
Shandong,Feixian,35.27,117.97
Shandong,Flying,36.68,116.98
Shandong,Fushan,37.5,121.25
Shandong,Gao Mi,36.38,119.75
Shandong,Gaoqing,37.17,117.82
Shandong,Gaotang,36.87,116.23
Shandong,Guangrao,37.07,118.4
Shandong,Guanxian,36.48,115.43
Shandong,Haiyang,36.78,121.15
Shandong,Hansing,36.77,119.22
Shandong,Hedong,35.08,118.4
Shandong,Heze,35.2336,115.4811
Shandong,Huaiyin,36.65,116.93
Shandong,Huancui,37.5,122.12
Shandong,Huangdao,35.97,120.18
Shandong,Huantai,36.97,118.08
Shandong,Huimin,37.48,117.5
Shandong,Ji'nan,36.6518,117.1201
Shandong,Jiaonan,35.87,120.03
Shandong,Jiaozhou,36.27,120.03
Shandong,Jiaxiang,35.42,116.33
Shandong,Jimo,36.38,120.45
Shandong,Jinan,36.67,116.98
Shandong,Jining,35.42,116.58
Shandong,Jinxiang,35.07,116.3
Shandong,Jiyang,36.98,117.22
Shandong,Junan,35.18,118.83
Shandong,Junye,35.4,116.08
Shandong,Kenli,37.58,118.55
Shandong,Kuiwen,36.72,119.12
Shandong,La Ling,37.73,117.23
Shandong,Laicheng,36.2,117.65
Shandong,Laishan,37.5,121.43
Shandong,Laiwu,36.22,117.67
Shandong,Laixi,36.87,120.5
Shandong,Laiyang,36.98,120.7
Shandong,Laizhou,37.18,119.93
Shandong,Lan Mountain,35.07,118.33
Shandong,Lanshan,35.1,119.33
Shandong,Laocheng,34.77,117.58
Shandong,Laoshan,36.1,120.47
Shandong,Liangshan,35.8,116.08
Shandong,Liaocheng,36.457,115.9855
Shandong,Licang,36.15,120.43
Shandong,Lijin,37.48,118.25
Shandong,Lingxian,37.33,116.57
Shandong,Linqing,36.85,115.7
Shandong,Linyi,35.917500000000004,118.1
Shandong,Linzi,36.82,118.3
Shandong,Longkou,37.65,120.52
Shandong,Luozhuang,34.98,118.28
Shandong,Martial arts,37.22,116.07
Shandong,Mengyin,35.72,117.93
Shandong,Mountain pavilion,35.08,117.45
Shandong,Mouping,37.38,121.6
Shandong,Ningjin,37.65,116.78
Shandong,Ningyang,35.77,116.8
Shandong,Northern,36.08,120.38
Shandong,Penglai,37.82,120.75
Shandong,Peony,35.25,115.43
Shandong,Pingdu,36.78,119.95
Shandong,Pingping,36.58,116.25
Shandong,Pingyi,35.5,117.63
Shandong,Pingyin,36.28,116.45
Shandong,Plain,37.17,116.43
Shandong,Qihe,36.8,116.75
Shandong,Qingdao,36.07,120.38
Shandong,Qingyun,37.78,117.38
Shandong,Qingzhou,36.68,118.47
Shandong,Qixia,37.3,120.83
Shandong,Qixian,35.58,118.83
Shandong,Qufu,35.58,116.98
Shandong,Rizhao,35.42,119.52
Shandong,Rongcheng,37.17,122.42
Shandong,Rushan,36.92,121.53
Shandong,Shandong,36.6683,117.0208
Shandong,Shanghe,37.32,117.15
Shandong,Shouguang,36.88,118.73
Shandong,Single,34.8,116.08
Shandong,South of the,36.07,120.38
Shandong,Square,36.1,120.35
Shandong,Steel,36.07,117.8
Shandong,Surabaya,35.67,117.27
Shandong,Tai'an,36.2,117.08
Shandong,Taierzhuang,34.57,117.73
Shandong,Taishan,36.18,117.13
Shandong,Tancheng,35.263333333333335,116.59333333333333
Shandong,Tengzhou,35.08,117.15
Shandong,Texas,37.45,116.3
Shandong,Virtue,37.45,116.3
Shandong,Weicheng,36.72,119.1
Shandong,Weifang,36.7,119.15
Shandong,Weihai,37.52,122.12
Shandong,Weishan,34.82,117.13
Shandong,Wendeng,37.2,122.05
Shandong,Wenshang,35.73,116.48
Shandong,Wudi,37.73,117.6
Shandong,Wulian,35.75,119.2
Shandong,Xiajin,36.95,116
Shandong,Xiaxia,36.67,117.08
Shandong,Xintai,35.92,117.77
Shandong,Xinxian,36.23,115.67
Shandong,Xuecheng,34.8,117.25
Shandong,Yanggu,36.12,115.78
Shandong,Yangxin,37.63,117.58
Shandong,Yantai,37.45,121.43
Shandong,Yanzhou,35.55,116.83
Shandong,Yinan,35.55,118.47
Shandong,Yishui,35.78,118.62
Shandong,Yiyuan,36.18,118.17
Shandong,Yu,36.93,116.63
Shandong,Yutai,35,116.65
Shandong,Zaozhuang,34.82,117.32
Shandong,Zhangdian,36.82,118.03
Shandong,Zhangqiu,36.72,117.53
Shandong,Zhanhua,37.7,118.13
Shandong,Zhaoyuan,37.37,120.4
Shandong,Zhizhen,37.53,121.38
Shandong,Zhoucun,36.8,117.87
Shandong,Zibo,36.82,118.05
Shandong,Zou,35.4,116.97
Shandong,Zouping,36.88,117.73
Shanghai,Baoshan,31.4,121.48
Shanghai,Changning,31.22,121.42
Shanghai,Chongming,31.62,121.4
Shanghai,Fengxian,30.92,121.47
Shanghai,Hongkou,31.27,121.5
Shanghai,Huangpu,31.23,121.48
Shanghai,Jiading,31.38,121.27
Shanghai,Jing'an,31.23,121.45
Shanghai,Jinshan,30.75,121.33
Shanghai,Luwan,31.22,121.47
Shanghai,Minhang,31.12,121.38
Shanghai,Nanhui,31.05,121.75
Shanghai,Pudong,31.22,121.53
Shanghai,Putuo,31.25,121.4
Shanghai,Qingpu,31.15,121.12
Shanghai,Shanghai,31.23,121.47
Shanghai,Songjiang,31.03,121.22
Shanghai,Xuhui,31.18,121.43
Shanghai,Yangpu,31.27,121.52
Shanghai,Zhabei,31.25,121.45
Shanxi,Ancient,36.27,111.92
Shanxi,Ancient market,37.92,112.17
Shanxi,Anze,36.15,112.25
Shanxi,Berlin,37.87,112.52
Shanxi,Changzhi,36.125,113.075
Shanxi,Cities,36.33,113.22
Shanxi,Dangxian,35.48,111.57
Shanxi,Daning,36.47,110.75
Shanxi,Datong,40.055,113.44999999999999
Shanxi,Diancaya,37.93,112.48
Shanxi,Dingxiang,38.48,112.95
Shanxi,Eldest son,36.12,112.87
Shanxi,Extended,39.07,112.95
Shanxi,Fangshan,37.88,111.23
Shanxi,Fanzhi,39.18,113.25
Shanxi,Fenxi,36.65,111.57
Shanxi,Fenyang,37.27,111.78
Shanxi,Fushan,35.97,111.83
Shanxi,Gaoping,35.8,112.92
Shanxi,Guangling,39.77,114.28
Shanxi,Hejin,35.6,110.7
Shanxi,Hequ,39.38,111.13
Shanxi,Heshun,37.33,113.57
Shanxi,Hongdong,36.25,111.67
Shanxi,Houma,35.62,111.35
Shanxi,Huairen,39.83,113.08
Shanxi,Huguan,36.12,113.2
Shanxi,Hunyuan,39.7,113.68
Shanxi,Huozhou,36.57,111.72
Shanxi,Ji,36.1,110.68
Shanxi,Jiakou,36.97,111.2
Shanxi,Jiaocheng,37.55,112.15
Shanxi,Jincheng,35.5,112.83
Shanxi,Jingle,38.37,111.93
Shanxi,Jinyuan,37.73,112.48
Shanxi,Jinzhong,37.68,112.75
Shanxi,Lanxian,38.28,111.67
Shanxi,Licheng,36.5,113.38
Shanxi,Linfen,36.08,111.52
Shanxi,Lingchuan,35.78,113.27
Shanxi,Lingqiu,39.43,114.23
Shanxi,Lingshi,36.85,111.77
Shanxi,Linxian,37.95,110.98
Shanxi,Linyi,35.15,110.77
Shanxi,Littering,37.52,111.13
Shanxi,Liulin,37.43,110.9
Shanxi,Louzhi,38.07,111.78
Shanxi,Luliang,37.52,111.13
Shanxi,L√ºliang,37.5193,111.1417
Shanxi,Market,37.03,111.92
Shanxi,Mining,38.95,113.37
Shanxi,Ningwu,39,112.3
Shanxi,Pingding,37.8,113.62
Shanxi,Pinglu,34.83,111.22
Shanxi,Pingshun,36.2,113.43
Shanxi,Pingyao,37.18,112.17
Shanxi,Pu,36.42,111.08
Shanxi,Qin,36.75,112.7
Shanxi,Qingxu,37.6,112.35
Shanxi,Qinshui,35.68,112.18
Shanxi,Qinyuan,36.5,112.33
Shanxi,Qixian,37.025000000000006,111.63
Shanxi,Quwo,35.63,111.47
Shanxi,Ruicheng,34.7,110.68
Shanxi,Salt lake,35.02,110.98
Shanxi,Shanxi,37.8734,112.5627
Shanxi,Shanyin,39.52,112.82
Shanxi,Shenchi,39.08,112.2
Shanxi,Shilou,37,110.83
Shanxi,Shop,37.73,112.57
Shanxi,Shouyang,37.88,113.18
Shanxi,Shuocheng,39.33,112.43
Shanxi,Shuozhou,39.33,112.43
Shanxi,Southern suburbs,40,113.13
Shanxi,Taigu,37.42,112.55
Shanxi,Taiyuan,37.87,112.55
Shanxi,Takayama Prefecture,35.6,110.97
Shanxi,Tianzhen,40.42,114.08
Shanxi,Transport,35.02,110.98
Shanxi,Tunliu,36.32,112.88
Shanxi,Urban,37.4125,113.2075
Shanxi,Wanrong,35.42,110.83
Shanxi,Wenshui,37.43,112.02
Shanxi,Wenxi,35.35,111.22
Shanxi,Wutai,38.73,113.25
Shanxi,Wuxiang,36.83,112.85
Shanxi,Wuzhai,38.9,111.85
Shanxi,Xia,35.15,111.22
Shanxi,Xiangfen,35.88,111.43
Shanxi,Xiangning,35.97,110.83
Shanxi,Xiangyuan,36.53,113.05
Shanxi,Xiaoyi,37.15,111.77
Shanxi,Xinfu,38.42,112.73
Shanxi,Xinghua Ling,37.88,112.57
Shanxi,Xingxian,38.47,111.12
Shanxi,Xinrong,40.27,113.15
Shanxi,Xinyi,35.62,111.22
Shanxi,Xinzhou,38.42,112.73
Shanxi,Xiyang,37.62,113.7
Shanxi,Yangcheng,35.48,112.42
Shanxi,Yanggao,40.37,113.75
Shanxi,Yangqu,38.07,112.67
Shanxi,Yangquan,37.85,113.57
Shanxi,Yaotu,36.08,111.52
Shanxi,Yaoxian,38.08,113.4
Shanxi,Yicheng,35.73,111.72
Shanxi,Yiguan,39.43,111.5
Shanxi,Ying,39.55,113.18
Shanxi,Yingze,37.87,112.57
Shanxi,Yonghe,36.77,110.63
Shanxi,Youyu,39.98,112.47
Shanxi,Yuanping,38.73,112.7
Shanxi,Yuanqu,35.3,111.67
Shanxi,Yuci,37.68,112.75
Shanxi,Yuncheng,35.0263,111.007
Shanxi,Yushe,37.07,112.97
Shanxi,Zezhou,35.5,112.83
Shanxi,Zhongyang,37.33,111.18
Shanxi,Zuo Yun,40,112.7
Shanxi,Zuoquan,37.07,113.37
Shanxi,suburbs,37.065,113.35
Shanxi,Â≤¢ Â≤¢ Â≤¢ Â≤¢ Â≤¢,38.7,111.57
Sichuan,Aba,32.4,101.96000000000001
Sichuan,Anxian,31.53,104.57
Sichuan,Anyue,30.1,105.33
Sichuan,Asaimonian Prefecture,29.23,102.37
Sichuan,Baiyu,31.22,98.83
Sichuan,Baoxing,30.37,102.82
Sichuan,Batang,30,99.1
Sichuan,Bazhong,31.85,106.77
Sichuan,Bazhou,31.85,106.77
Sichuan,Beach,29.27,104.87
Sichuan,Beichuan Qiang,31.82,104.45
Sichuan,Budao,27.72,102.82
Sichuan,Cangxi,31.73,105.93
Sichuan,Central,29.575,104.41
Sichuan,Changning,28.58,104.92
Sichuan,Chaotic,32.65,105.88
Sichuan,Chengdu,30.67,104.07
Sichuan,Chenghua,30.67,104.1
Sichuan,Chongzhou,30.63,103.67
Sichuan,County,31.13,105.07
Sichuan,Cuiping,28.77,104.62
Sichuan,Daan,29.37,104.77
Sichuan,Daijing,29.8,102.85
Sichuan,Danba,30.88,101.88
Sichuan,Danling,30.02,103.52
Sichuan,Daocheng,29.03,100.3
Sichuan,Daofu,30.98,101.12
Sichuan,Daxian,31.2,107.5
Sichuan,Dayi,30.58,103.52
Sichuan,Daying,30.58,105.25
Sichuan,Dazhou,31.22,107.5
Sichuan,Dazhu,30.73,107.2
Sichuan,Dechang,27.4,102.18
Sichuan,Derge,31.82,98.58
Sichuan,Deyang,31.13,104.38
Sichuan,Dongpo,30.05,103.83
Sichuan,Dongxing,29.6,105.07
Sichuan,Dujiangyan,31,103.62
Sichuan,Eastern,26.55,101.7
Sichuan,Eibian,29.23,103.27
Sichuan,Emeishan,29.6,103.48
Sichuan,Fushun,29.18,104.98
Sichuan,Ganluo,28.97,102.77
Sichuan,Gaoping,30.77,106.1
Sichuan,Gaoxian,28.43,104.52
Sichuan,Garze,30.835,100.975
Sichuan,Gongjing,29.35,104.72
Sichuan,Guang'an,30.47,106.63
Sichuan,Guanghan,30.98,104.28
Sichuan,Guangyuan,32.43,105.83
Sichuan,Gulin,28.05,105.82
Sichuan,Hanyuan,29.35,102.65
Sichuan,Heishui,32.07,102.98
Sichuan,Hejiang,28.82,105.83
Sichuan,Hongya,29.92,103.37
Sichuan,Hongyuan,32.8,102.55
Sichuan,Huayu,30.38,106.77
Sichuan,Huidong,26.63,102.58
Sichuan,Huili,26.67,102.25
Sichuan,Jiajiang,29.73,103.57
Sichuan,Jialing,30.77,106.05
Sichuan,Jiang'an,28.73,105.07
Sichuan,Jiange,32.28,105.52
Sichuan,Jiangyang,28.88,105.45
Sichuan,Jiangyou,31.78,104.75
Sichuan,Jianyang,30.4,104.55
Sichuan,Jingyan,29.65,104.07
Sichuan,Jingyang,31.13,104.38
Sichuan,Jinjiang,30.67,104.08
Sichuan,Jinkouhe,29.25,103.08
Sichuan,Jinsang,30.85,104.43
Sichuan,Jinsheng,31.48,102.07
Sichuan,Jinyang,27.7,103.25
Sichuan,Jiuzhaigou,33.27,104.23
Sichuan,Johgai,33.58,102.95
Sichuan,Kaijiang,31.08,107.87
Sichuan,Kangding,30.05,101.97
Sichuan,Kowloon,29,101.5
Sichuan,Langzhong,31.55,106
Sichuan,Leibo,28.27,103.57
Sichuan,Leshan,29.57,103.77
Sichuan,Lezhi,30.28,105.02
Sichuan,Liangshan,27.9,102.27
Sichuan,Lianlian,28.17,104.52
Sichuan,Litang,30,100.27
Sichuan,Long ??,29.35,105.28
Sichuan,Longma Tan,28.9,105.43
Sichuan,Longquanyi,30.57,104.27
Sichuan,Luding,29.92,102.23
Sichuan,Luojiang,31.32,104.5
Sichuan,Lushan,30.15,102.92
Sichuan,Luxian,29.15,105.38
Sichuan,Luzhou,28.87,105.43
Sichuan,Malkang,31.9,102.22
Sichuan,Mao,31.68,103.85
Sichuan,Matabian,28.83,103.55
Sichuan,Meagu,28.33,103.13
Sichuan,Meishan,30.05,103.83
Sichuan,Mianning,28.55,102.17
Sichuan,Mianyang,31.47,104.73
Sichuan,Mianzhu,31.35,104.2
Sichuan,Mingshan,30.08,103.12
Sichuan,Miyi,26.88,102.12
Sichuan,Muchuan,28.97,103.9
Sichuan,Municipality,30.42,103.47
Sichuan,Nanchong,30.78,106.08
Sichuan,Nanjiang,32.35,106.83
Sichuan,Nanxi,28.85,104.98
Sichuan,Naxi,28.77,105.37
Sichuan,Neighbor water,30.33,106.93
Sichuan,Neijiang,29.58,105.05
Sichuan,Ningnan,27.07,102.77
Sichuan,Ouhuo,31.4,100.68
Sichuan,Panzhihua,26.58,101.72
Sichuan,Payhan,30.52,105.57
Sichuan,Pengan,31.03,106.42
Sichuan,Pengshan,30.2,103.87
Sichuan,Pengxi,30.78,105.72
Sichuan,Pengzhou,30.98,103.93
Sichuan,Pigx,27.38,102.53
Sichuan,Pingchang,31.57,107.1
Sichuan,Pingshan,28.83,104.33
Sichuan,Pingwu,32.42,104.53
Sichuan,Pujiang,30.2,103.5
Sichuan,Qing Shen,29.83,103.85
Sichuan,Qingbaijiang,30.88,104.23
Sichuan,Qingchuan,32.58,105.23
Sichuan,Qingyang,30.68,104.05
Sichuan,Qixian,29.634999999999998,104.3
Sichuan,Renhe,26.5,101.73
Sichuan,Renshou,30,104.15
Sichuan,Residential,30.35,105.45
Sichuan,Rongxian,29.47,104.42
Sichuan,Seda Prefecture,32.27,100.33
Sichuan,Self -streaming,29.35,104.77
Sichuan,Shawan,29.42,103.55
Sichuan,Shifang,31.13,104.17
Sichuan,Shijiahong,30.87,105.38
Sichuan,Shiqu,32.98,98.1
Sichuan,Shuangliu,30.58,103.92
Sichuan,Shunqing,30.78,106.08
Sichuan,Sichuan,30.6509,104.0757
Sichuan,Songpan,32.63,103.6
Sichuan,Southern,31.35,106.07
Sichuan,Suining,30.52,105.57
Sichuan,Taurus,30.7,104.05
Sichuan,Three counties,31.1,105.08
Sichuan,Tianquan,30.07,102.75
Sichuan,Tibetan,27.93,101.28
Sichuan,Tongchuan,31.22,107.48
Sichuan,Tongjiang,31.92,107.23
Sichuan,Township,28.93,99.8
Sichuan,Wangcang,32.23,106.28
Sichuan,Wanyuan,32.07,108.03
Sichuan,Weiyuan,29.53,104.67
Sichuan,Wenchuan,31.48,103.58
Sichuan,Wenjiang,30.7,103.83
Sichuan,Western,26.6,101.6
Sichuan,Wucheng,31.47,104.73
Sichuan,Wuhou,30.65,104.05
Sichuan,Wusheng,30.35,106.28
Sichuan,Wutongqiao,29.4,103.82
Sichuan,Xiaojin,31,102.37
Sichuan,Xichang,27.9,102.27
Sichuan,Xichong,31,105.88
Sichuan,Xide,28.32,102.42
Sichuan,Xindu,30.83,104.15
Sichuan,Xingwen,28.3,105.23
Sichuan,Xinjin,30.42,103.82
Sichuan,Xinlong,30.95,100.32
Sichuan,Xuanhan,31.35,107.72
Sichuan,Xuyong,28.17,105.43
Sichuan,Ya'an,29.98,103
Sichuan,Yajiang,30.03,101.02
Sichuan,Yanbian,26.7,101.85
Sichuan,Yangtang,32.27,100.98
Sichuan,Yanjiang,30.12,104.65
Sichuan,Yanting,31.22,105.38
Sichuan,Yanyuan,27.43,101.5
Sichuan,Yerong,28.72,99.28
Sichuan,Yibin,28.735,104.58500000000001
Sichuan,Yilong,31.27,106.28
Sichuan,Yingshan,31.08,106.57
Sichuan,Youxian,31.47,104.75
Sichuan,Yuanba,32.32,105.97
Sichuan,Yucheng,29.98,103
Sichuan,Yuechi,30.55,106.43
Sichuan,Yuexi,28.65,102.52
Sichuan,Zhaojue,28.02,102.85
Sichuan,Zhongjiang,31.03,104.68
Sichuan,Zigong,29.35,104.78
Sichuan,Ziyang,30.12,104.65
Sichuan,Ziyi,31.63,105.17
Sichuan,Zizhong,29.78,104.85
Sichuan,Áäç Áäç Áäç Áäç,29.22,103.95
Source: MIT,Source: MIT,NA,NA
Tianjin,Baodi,39.7175,117.3098
Tianjin,Baoyu,39.72,117.3
Tianjin,Beichen,39.22,117.13
Tianjin,Binhai,39.03,117.68
Tianjin,Dagang,38.83,117.45
Tianjin,Dongli,39.08,117.3
Tianjin,Hangu,39.25,117.8
Tianjin,Hebei,39.15,117.18
Tianjin,Hedong,39.12,117.22
Tianjin,Heping,39.12,117.2
Tianjin,Hexi,39.12,117.22
Tianjin,Hongqiao,39.17,117.15
Tianjin,Jinghai,38.93,116.92
Tianjin,Jinnan,38.98,117.38
Tianjin,Jixian,40.05,117.4
Tianjin,Jizhou,40.0458,117.4083
Tianjin,Nankai,39.13,117.15
Tianjin,Ninghe,39.33,117.82
Tianjin,Tanggu,39.02,117.65
Tianjin,Tianjin,39.12,117.2
Tianjin,Wuqing,39.38,117.03
Tianjin,Xiqing,39.13,117
Tibet,Ali,32.5,80.1
Tibet,Angren,29.3,87.23
Tibet,Anto,32.27,91.68
Tibet,Babu,30.05,96.92
Tibet,Bailang,29.12,89.27
Tibet,Bango,31.37,90.02
Tibet,Baqing,31.93,94.03
Tibet,Bianba,30.93,94.7
Tibet,Bomi,29.87,95.77
Tibet,Chada,28.67,97.47
Tibet,Chamdo,31.1407,97.1723
Tibet,Changdu,31.13,97.18
Tibet,Chaya Prefecture,30.65,97.57
Tibet,City customs,29.65,91.13
Tibet,Dai Long Deqing,29.65,91
Tibet,Dangxiong,30.48,91.1
Tibet,Dazi,29.68,91.35
Tibet,Dingjie,28.37,87.77
Tibet,Dingqing,31.42,95.6
Tibet,Dingri,28.67,87.12
Tibet,Gal,32.5,80.1
Tibet,Gangba,28.28,88.52
Tibet,Garcha,29.15,92.58
Tibet,Geji,32.4,81.12
Tibet,Gongbujiangda,29.88,93.25
Tibet,Gongga,29.3,90.98
Tibet,Gongjue,30.87,98.27
Tibet,Gumei,28.43,91.43
Tibet,Guoqin,31.02,85.17
Tibet,Jiali,30.65,93.25
Tibet,Jiangda,31.5,98.22
Tibet,Jiangzi,28.92,89.6
Tibet,Kangma,28.57,89.68
Tibet,Kualal,28.85,85.3
Tibet,Langka,28.97,90.4
Tibet,Langxian,29.05,93.07
Tibet,Lazi,29.08,87.63
Tibet,Lhasa,29.65,91.13
Tibet,Linzhou,29.9,91.25
Tibet,Longzi,28.42,92.47
Tibet,Luolong,30.75,95.83
Tibet,Luoza,28.38,90.87
Tibet,Mangang,29.68,98.6
Tibet,Milin,29.22,94.22
Tibet,Moqi,29.33,95.33
Tibet,Mozhu Gongka,29.83,91.73
Tibet,Nagqu,31.4761,92.0514
Tibet,Naidong,29.23,91.77
Tibet,Nanmulin,29.68,89.1
Tibet,Naqu,31.48,92.07
Tibet,Ngari,30.4005,81.1454
Tibet,Nie Rong,32.12,92.3
Tibet,Nima,31.78,87.23
Tibet,Nimu,29.45,90.15
Tibet,Nyingchi,29.68,94.37
Tibet,Nyramu,28.17,85.98
Tibet,Pulandian,30.3,81.17
Tibet,Qamdo,31.13,97.18
Tibet,Qiongjie,29.03,91.68
Tibet,Qu Song,29.07,92.2
Tibet,Qushui,29.37,90.73
Tibet,Reform the,32.3,84.07
Tibet,Rinbu,29.23,89.83
Tibet,Rita,33.38,79.72
Tibet,Saga,29.33,85.23
Tibet,Sakya Prefecture,28.9,88.02
Tibet,Sangri,29.27,92.02
Tibet,Shannan,29.237,91.7731
Tibet,Shenza,30.93,88.7
Tibet,Shigatse,29.27,88.88
Tibet,Southern,29.23,91.77
Tibet,Such as a,31.48,93.68
Tibet,Suo,31.88,93.78
Tibet,Tibet,29.6472,91.1174
Tibet,Wrong,28,91.95
Tibet,Wuqi,31.22,96.6
Tibet,Xie Tongmen,29.43,88.27
Tibet,Yadong,27.48,88.9
Tibet,Zada,31.48,79.8
Tibet,Zhabao,29.25,91.33
Tibet,Zhongba,29.77,84.03
Tibet,Zuo Gong,29.67,97.85
Xinjiang,Abutus,39.72,76.17
Xinjiang,Aheci,40.93,78.45
Xinjiang,Akota Prefecture,39.15,75.95
Xinjiang,Aksu,41.17,80.27
Xinjiang,Altay,47.85,88.13
Xinjiang,And Bucksl Mongolia,46.8,85.72
Xinjiang,And the,38.13,85.53
Xinjiang,Aral,40.55,81.28
Xinjiang,Awati,40.63,80.38
Xinjiang,Baicheng,41.8,81.87
Xinjiang,Baiyang,46.724444,82.895833
Xinjiang,Barchu,39.78,78.55
Xinjiang,Bayin Guo Leng,41.77,86.15
Xinjiang,Bayingolin,41.764,86.1452
Xinjiang,Beitun,47.3633,87.8001
Xinjiang,Bingjisha,38.93,76.17
Xinjiang,Bohu,41.98,86.63
Xinjiang,Bole,44.9,82.07
Xinjiang,Boltala Mongolia,44.9,82.07
Xinjiang,Bortala,44.906,82.0667
Xinjiang,Burjin,47.7,86.85
Xinjiang,Cele,37,80.8
Xinjiang,Chabchar Xibo,43.83,81.15
Xinjiang,Changji,44.02,87.3
Xinjiang,Daban,43.35,88.3
Xinjiang,Dongshan,43.95,87.68
Xinjiang,Dushanzi,44.32,84.85
Xinjiang,Ermin,46.53,83.63
Xinjiang,Fuhai,47.12,87.5
Xinjiang,Fukang,44.15,87.98
Xinjiang,Fuyun,47,89.52
Xinjiang,Gamen,39.5,76.73
Xinjiang,Gongliu,43.48,82.23
Xinjiang,Habahe,48.07,86.42
Xinjiang,Hami,42.83,93.52
Xinjiang,He Shuo,42.27,86.87
Xinjiang,Hejing,42.32,86.4
Xinjiang,Hetian,37.11333333333333,79.92333333333333
Xinjiang,Hot spring,44.97,81.03
Xinjiang,Hotan,37.1143,79.9225
Xinjiang,Huocheng,44.05,80.88
Xinjiang,Hutubi,44.18,86.9
Xinjiang,Huyanghe,44.6925,84.825
Xinjiang,Ili Kazakh,43.92,81.32
Xinjiang,Jimimsar,44,89.18
Xinjiang,Jimuka Prefecture,47.43,85.88
Xinjiang,Jinghe,44.6,82.88
Xinjiang,Karamay,45.6,84.87
Xinjiang,Kashgar,39.47,75.98
Xinjiang,Kashi,39.4677,75.9938
Xinjiang,Keiping,40.5,79.05
Xinjiang,Kekedala,43.948,81.0448
Xinjiang,Kizilsu Kirgiz,39.7153,76.1666
Xinjiang,Korla,41.77,86.15
Xinjiang,Kui Tun,44.42,84.9
Xinjiang,Kunyu,37.2095,79.2913
Xinjiang,Kuqi,41.72,82.97
Xinjiang,Luopu,37.07,80.18
Xinjiang,Mai Gaiti,38.9,77.65
Xinjiang,Manas,44.3,86.22
Xinjiang,Minfeng,37.07,82.68
Xinjiang,Miyao,43.97,87.65
Xinjiang,Mo Yu,37.27,79.73
Xinjiang,New urban,43.85,87.6
Xinjiang,Nilek,43.78,82.5
Xinjiang,Pishan,37.62,78.28
Xinjiang,Qinghe,46.67,90.38
Xinjiang,Qitai,44.02,89.58
Xinjiang,Ruoqiang,39.02,88.17
Xinjiang,Shachache,38.42,77.23
Xinjiang,Shan Shan,42.87,90.22
Xinjiang,Shawan,44.33,85.62
Xinjiang,Shaya Prefecture,41.22,82.78
Xinjiang,Shaybak,43.78,87.6
Xinjiang,Shihezi,44.3,86.03
Xinjiang,Shuanghe,44.8442,82.355
Xinjiang,Shufu,39.38,75.85
Xinjiang,Shule,39.4,76.05
Xinjiang,Tacheng,46.7514,82.987
Xinjiang,Tax,43.22,81.83
Xinjiang,Terrace,41.78,84.27
Xinjiang,Tianshan,43.78,87.65
Xinjiang,Tiemenguan,41.8687,85.6758
Xinjiang,Tocozon,42.78,88.65
Xinjiang,Tori,45.93,83.6
Xinjiang,Toton River,43.87,87.42
Xinjiang,Tower,46.75,82.98
Xinjiang,Tumushu,39.85,79.13
Xinjiang,Tumxuk,39.8649,79.069
Xinjiang,Turpan,42.95,89.17
Xinjiang,Urho,46.08,85.68
Xinjiang,Urumqi,43.81,87.61
Xinjiang,Ush,41.22,79.23
Xinjiang,Water milling,43.83,87.63
Xinjiang,Weili,41.33,86.25
Xinjiang,Wensui,41.28,80.23
Xinjiang,White -alkali beach,45.7,85.13
Xinjiang,Wooden Bargain Kazakh,43.83,90.28
Xinjiang,Wugu,39.72,75.25
Xinjiang,Wujiaqu,44.17,87.53
Xinjiang,Wusu,44.43,84.68
Xinjiang,Xinhe,41.55,82.6
Xinjiang,Xinjiang,43.7934,87.6271
Xinjiang,Xinxing,42.7963,93.7411
Xinjiang,Xinyuan,43.43,83.25
Xinjiang,Yecheng,37.88,77.42
Xinjiang,Yining,43.95,81.41999999999999
Xinjiang,Yion,43.25,94.7
Xinjiang,Yuepuhu,39.23,76.77
Xinjiang,Yumin,46.2,82.98
Xinjiang,Yutian,36.85,81.67
Xinjiang,Zepu,38.18,77.27
Xinjiang,Zhaosu,43.15,81.13
Xinjiang,Âéø,42.07,86.57
Yunnan,Ancient,26.88,100.23
Yunnan,Anning,24.92,102.48
Yunnan,Baoshan,25.12,99.17
Yunnan,Binchuan,25.83,100.58
Yunnan,Cangyuan Qi,23.15,99.25
Yunnan,Changning,24.83,99.6
Yunnan,Chenggong,24.88,102.8
Yunnan,Chengjiang,24.67,102.92
Yunnan,Chuxiong,25.03,101.55
Yunnan,Daguan,27.75,103.88
Yunnan,Dali,25.6,100.23
Yunnan,Dayao,25.73,101.32
Yunnan,Dehong,24.4323,98.5849
Yunnan,Dehong Jingpo,24.43,98.58
Yunnan,Deqen,27.8191,99.703
Yunnan,Deqin,28.48,98.92
Yunnan,Diqing,27.83,99.7
Yunnan,Dongchuan,26.08,103.18
Yunnan,Erhai,21.97,100.45
Yunnan,Eriyuan,26.12,99.95
Yunnan,Eshan,24.18,102.4
Yunnan,Fengqing,24.6,99.92
Yunnan,Figong,26.9,98.87
Yunnan,Fumin,25.22,102.5
Yunnan,Funing,23.63,105.62
Yunnan,Fuyuan,25.67,104.25
Yunnan,Gengma Tuban,23.55,99.4
Yunnan,Gongshan Dulong Nu Nu,27.73,98.67
Yunnan,Guandu,25.02,102.75
Yunnan,Guangnan,24.05,105.07
Yunnan,Hekou Yao,22.52,103.97
Yunnan,Heqing,26.57,100.18
Yunnan,Honghe,23.37,102.42
Yunnan,Honghehani,23.37,103.4
Yunnan,Huaping,26.63,101.27
Yunnan,Huining,24.2,102.93
Yunnan,Huizawa Prefecture,26.42,103.3
Yunnan,Jianchuan,26.53,99.9
Yunnan,Jiangcheng,22.58,101.85
Yunnan,Jiangchuan,24.28,102.75
Yunnan,Jianshui,23.62,102.83
Yunnan,Jingdong,24.45,100.83
Yunnan,Jinggu,23.5,100.7
Yunnan,Jinghong,22.02,100.8
Yunnan,Jinning,24.67,102.6
Yunnan,Kaiyuan,23.72,103.27
Yunnan,Kirin,25.5,103.8
Yunnan,Kunming,25.05,102.72
Yunnan,Lancang La Ling,22.55,99.93
Yunnan,Lanping people Pumen,26.45,99.42
Yunnan,Lianghe,24.82,98.3
Yunnan,Lijiang,26.88,100.23
Yunnan,Lincang,23.88,100.08
Yunnan,Linxiang,23.88,100.08
Yunnan,Lishui,25.85,98.85
Yunnan,Longchuan,24.2,97.8
Yunnan,Longling,24.58,98.68
Yunnan,Longyang,25.12,99.17
Yunnan,Lu Dusan Miao,25.55,102.47
Yunnan,Lu Liang,25.03,103.67
Yunnan,Ludian,27.2,103.55
Yunnan,Lufeng,25.15,102.08
Yunnan,Luoping,24.88,104.3
Yunnan,Luxi,24.53,103.77
Yunnan,Lvchun,23,102.4
Yunnan,Maguan,23.02,104.4
Yunnan,Maitreya,24.4,103.43
Yunnan,Malipo,23.12,104.7
Yunnan,Martong,25.43,103.58
Yunnan,Mengla,21.48,101.57
Yunnan,Midu,25.35,100.48
Yunnan,Mojiang,23.43,101.68
Yunnan,Montzi,23.37,103.4
Yunnan,Mouding,25.32,101.53
Yunnan,Nanhua,25.2,101.27
Yunnan,Nanxun,25.05,100.52
Yunnan,Ningyi,27.28,100.85
Yunnan,Nujiang,25.8176,98.8567
Yunnan,Nujiang Ling,25.85,98.85
Yunnan,Old,23.37,103.15
Yunnan,Panlong,25.03,102.72
Yunnan,Pingbian Miao,22.98,103.68
Yunnan,Prestige,27.85,105.05
Yunnan,Pu'er,22.8252,100.9662
Yunnan,Qiaojia,26.92,102.92
Yunnan,Qiubei,24.05,104.18
Yunnan,Qujing,25.5,103.8
Yunnan,Ruili,24.02,97.85
Yunnan,Shangri -La,27.83,99.7
Yunnan,Shidian,24.73,99.18
Yunnan,Shilin,24.77,103.27
Yunnan,Shiping,23.72,102.5
Yunnan,Shizong,24.83,103.98
Yunnan,Shuangbai,24.7,101.63
Yunnan,Shuifu,28.63,104.4
Yunnan,Songming,25.35,103.03
Yunnan,Suijiang,28.6,103.95
Yunnan,Takayama Prefecture,23.62,104.33
Yunnan,Tengchong,25.03,98.5
Yunnan,Tonghai,24.12,102.75
Yunnan,Tongxi,24.43,98.58
Yunnan,Weishan,25.23,100.3
Yunnan,Weixi Lang,27.18,99.28
Yunnan,Wenshan,23.37,104.25
Yunnan,Western Union Langu,22.63,99.62
Yunnan,Wuding,25.53,102.4
Yunnan,Wuhua,25.05,102.7
Yunnan,Xiangyun,25.48,100.55
Yunnan,Xichou,23.45,104.67
Yunnan,Xinping,24.07,101.98
Yunnan,Xishan,25.03,102.67
Yunnan,Xishuangbanna,22.02,100.8
Yunnan,Xuanwei,26.22,104.1
Yunnan,Xundian,25.57,103.25
Yunnan,Yangyi,25.67,99.95
Yunnan,Yanjin,28.12,104.23
Yunnan,Yao'an,25.5,101.23
Yunnan,Yiliang,26.275,103.6
Yunnan,Yimen,24.67,102.17
Yunnan,Yingjiang,24.72,97.93
Yunnan,Yongde,24.03,99.25
Yunnan,Yongping,25.47,99.53
Yunnan,Yongren,26.07,101.67
Yunnan,Yongshan,28.23,103.63
Yunnan,Yongsheng,26.68,100.75
Yunnan,Yuanmou,25.7,101.88
Yunnan,Yuanyang,23.23,102.83
Yunnan,Yulong Naxi,26.82,100.23
Yunnan,Yunlong,25.88,99.37
Yunnan,Yunnan,25.0453,102.7097
Yunnan,Yunxian,24.45,100.13
Yunnan,Yuxi,24.35,102.55
Yunnan,Zhanyi,25.62,103.82
Yunnan,Zhaotong,27.33,103.72
Yunnan,Zhaoyang,27.33,103.72
Yunnan,Zhenkang,23.78,98.83
Yunnan,Zhenxiong,27.45,104.87
Zhejiang,Anji,30.63,119.68
Zhejiang,Beilun,29.93,121.85
Zhejiang,Binjiang,30.2,120.2
Zhejiang,Cangnan,27.5,120.4
Zhejiang,Changshan,28.9,118.52
Zhejiang,Changxing,31.02,119.9
Zhejiang,Chun'an,29.6,119.03
Zhejiang,Cixi,30.17,121.23
Zhejiang,Daishan,30.25,122.2
Zhejiang,Dazhou,29.58,120.82
Zhejiang,Deqing,30.53,119.97
Zhejiang,Dinghai,30.02,122.1
Zhejiang,Dongtou,27.83,121.15
Zhejiang,Dongyang,29.28,120.23
Zhejiang,Downtown,30.28,120.17
Zhejiang,Fenghua,29.65,121.4
Zhejiang,Fuyang,30.05,119.95
Zhejiang,Gongshu,30.32,120.13
Zhejiang,Haining,30.53,120.68
Zhejiang,Haishu,29.87,121.55
Zhejiang,Haiyan,30.53,120.95
Zhejiang,Hangzhou,30.28,120.15
Zhejiang,Huangyan,28.65,121.27
Zhejiang,Huzhou,30.9,120.08
Zhejiang,Jiande,29.48,119.28
Zhejiang,Jiangbei,29.88,121.55
Zhejiang,Jiangdong,29.87,121.57
Zhejiang,Jianggan,30.27,120.2
Zhejiang,Jiangshan,28.75,118.62
Zhejiang,Jiaojiang,28.68,121.43
Zhejiang,Jiashan,30.85,120.92
Zhejiang,Jiaxing,30.75,120.75
Zhejiang,Jindong,29.08,119.7
Zhejiang,Jingning,27.98,119.63
Zhejiang,Jinhua,29.08,119.65
Zhejiang,Kaihua,29.13,118.42
Zhejiang,Kecheng,28.93,118.87
Zhejiang,Lanxi,29.22,119.45
Zhejiang,Leqing,28.13,120.95
Zhejiang,Liandu,28.45,119.92
Zhejiang,Lin'an,30.23,119.72
Zhejiang,Linhai,28.85,121.12
Zhejiang,Lishui,28.45,119.92
Zhejiang,Longquan,28.08,119.13
Zhejiang,Longwan,27.93,120.82
Zhejiang,Longyou,29.03,119.17
Zhejiang,Lucheng,28.02,120.65
Zhejiang,Lujiang,28.98,118.93
Zhejiang,Luzhou,28.93,118.87
Zhejiang,Nanxun,30.88,120.43
Zhejiang,Ningbo,29.88,121.55
Zhejiang,Ninghai,29.28,121.43
Zhejiang,Pan'an,29.05,120.43
Zhejiang,Pinghu,30.7,121.02
Zhejiang,Pingyang,27.67,120.57
Zhejiang,Pujiang,29.45,119.88
Zhejiang,Putuo,29.95,122.3
Zhejiang,Qingtian,28.15,120.28
Zhejiang,Qingyuan,27.62,119.05
Zhejiang,Quzhou,28.9359,118.8742
Zhejiang,Road bridge,28.58,121.38
Zhejiang,Ruian,27.78,120.63
Zhejiang,Sanmen,29.12,121.38
Zhejiang,Shangyu,30.03,120.87
Zhejiang,Shaoxing,30.04,120.52
Zhejiang,Shengsi,30.73,122.45
Zhejiang,Songyang,28.45,119.48
Zhejiang,Suichang,28.6,119.27
Zhejiang,Taishun,27.57,119.72
Zhejiang,Taizhou,28.68,121.43
Zhejiang,Tiantai,29.13,121.03
Zhejiang,Tonglu,29.8,119.67
Zhejiang,Tongxiang,30.63,120.57
Zhejiang,Uptown,30.25,120.17
Zhejiang,Vietnamese,30,120.57
Zhejiang,Wencheng,27.78,120.08
Zhejiang,Wenling,28.37,121.37
Zhejiang,Wenzhou,28,120.7
Zhejiang,West Lake,30.27,120.13
Zhejiang,Wucheng,29.08,119.65
Zhejiang,Wuxing,30.87,120.12
Zhejiang,Wuyi,28.9,119.82
Zhejiang,Xiangshan,29.48,121.87
Zhejiang,Xianju,28.87,120.73
Zhejiang,Xiaoshan Strict,30.17,120.27
Zhejiang,Xinchang,29.5,120.9
Zhejiang,Xiuzhou,30.77,120.7
Zhejiang,Yinzhou,29.83,121.53
Zhejiang,Yiwu,29.3,120.07
Zhejiang,Yiyun,28.65,120.07
Zhejiang,Yongjia,28.15,120.68
Zhejiang,Yongkang,28.9,120.03
Zhejiang,Yuhang,30.42,120.3
Zhejiang,Yuhuan,28.13,121.23
Zhejiang,Yunhe,28.12,119.57
Zhejiang,Yuyao,30.03,121.15
Zhejiang,Zhejiang,30.2655,120.1536
Zhejiang,Zhenhai,29.95,121.72
Zhejiang,Zhoushan,30,122.2
Zhejiang,Zhuji,29.72,120.23
